placeId,TPM,TPD
1,114709,862
2,113497,8844
3,113228,15602
4,114885,31357
5,113041,11862
6,113277,949
7,114319,11860
8,112302,45325
9,114576,9091
10,113189,710
11,112346,9087
12,112896,12110
13,112453,21032
14,113987,10858
15,112760,1408
16,112641,524
17,114388,4584
18,113101,5
19,112281,9273
20,113845,11517
21,113161,8012
22,112722,1710
23,112401,9691
24,114168,12665
25,113627,451
26,114057,16420
27,114011,9263
28,114117,17015
29,112682,902
30,115012,37557
31,112792,9909
32,114746,63
34,112431,9598
35,112637,47018
36,112818,687
37,112286,139405
38,113442,33689
39,112697,9603
40,112749,34615
41,114279,31174
42,112819,11443
43,114272,35196
44,113855,9312
45,114681,577
46,113347,11861
47,114369,807
48,114148,10530
49,114916,8391
50,114814,629
52,113819,11448
53,110299,49133
54,112499,26441
55,113158,97406
57,113321,9089
58,110877,11010
59,112714,99040
60,113419,11359
61,116260,17182
62,113862,2054
63,116126,10607
64,118002,19760
65,115683,9536
66,116839,11525
68,113149,4482
69,113118,10634
70,116367,755
71,113010,11859
72,113537,28387
73,113828,48750
74,115644,20927
76,114367,9102
77,113973,124626
78,112744,27526
79,116731,9623
80,112445,46785
81,114660,400
82,112379,880
83,114039,146599
84,113612,188588
85,112365,8447
86,118158,10534
87,116151,17414
88,115697,13997
89,113972,2086
92,117002,9095
93,114825,12158
94,115639,9283
95,115759,9208
96,113403,40154
97,113247,406
98,111173,45549
99,113283,63076
100,115907,11062
101,115734,13685
102,117102,47475
103,118040,2045
104,116483,9614
105,112579,688
107,117110,10874
108,112646,89333
110,112573,197
111,75314,103
112,113326,33542
113,115645,43566
114,113774,71754
116,112373,51352
117,115033,16934
118,116606,10324
119,114536,78406
121,106473,32119
122,103859,11066
123,109424,11104
124,114808,37975
125,116324,2074
126,110647,27793
129,114131,110972
130,112364,32622
131,113107,73067
132,113451,11863
135,116130,9101
137,113756,5757
140,118055,9302
141,115685,11000
144,112585,16388
145,112442,9737
146,112342,30765
147,112461,10474
148,112427,22279
149,109093,30157
150,112384,568
151,114287,11780
152,112288,34996
153,112462,414
154,61395,649
155,112495,1873
156,112541,5894
157,109370,1775
158,112642,8839
159,112688,20649
160,112715,10329
161,112740,8963
162,109508,26564
163,112851,8068
164,112857,8512
165,112864,1572
166,112887,13552
167,113044,259209
168,113071,6520
169,113114,9073
170,113243,10428
171,113464,17447
172,113481,9886
173,113492,9482
174,113500,19326
175,113540,9344
176,113677,9071
177,113690,8973
178,107447,15730
179,113729,47608
180,113749,2293
181,113820,9070
183,110604,48787
184,110620,34574
185,113957,1642
186,113986,11472
187,114095,36196
188,114194,11980
189,114241,58372
190,114323,32646
191,114345,10533
193,114436,10802
194,114478,10149
195,114496,18402
196,114508,9348
198,114558,281
199,58450,5967
200,114666,79593
201,114663,47939
202,114702,36834
203,114682,9090
204,114781,3512
205,114798,52856
206,114805,77350
207,114887,9560
208,114898,9804
209,114928,31611
211,109340,49805
213,111579,50797
214,110882,19155
215,112471,76
216,112508,11017
217,112438,37141
218,112571,9382
219,112757,6715
220,112643,18256
222,112679,22625
223,109445,2292
224,112883,1909
225,109635,8984
227,109676,4954
228,112854,62488
229,109579,10531
230,109642,11929
231,109686,8467
232,111797,10451
233,109759,20156
234,109758,18395
235,109707,522
236,113117,397
237,113097,10525
238,113028,27985
239,113198,15789
240,113303,27303
241,113089,21183
242,109771,10954
243,113199,47867
244,113234,43475
245,109906,72031
246,110057,14275
247,110005,1024
248,110066,17207
249,110116,13701
250,110006,14819
251,113360,32631
252,110099,11777
253,110148,628
254,113463,87729
255,110189,18713
256,110216,6280
257,113501,9061
258,113538,37108
259,113552,6071
260,76759,11
261,110367,9587
262,113670,19101
263,110296,49980
264,109731,17961
265,103994,18183
266,110322,4476
267,110443,11008
268,110365,47504
269,107566,32325
270,110391,43742
271,113691,28313
272,110428,11318
273,109836,3036
274,113755,40490
275,110538,24070
276,110516,8986
277,110527,10510
278,113808,17402
279,113896,38722
280,113870,8438
281,110684,11593
282,110638,1945
283,113967,39310
285,106402,56428
287,110671,131957
288,110632,241
289,110737,9058
290,110729,527
291,114151,18220
292,114069,6950
293,110413,101
294,114113,63020
295,114210,2307
296,110912,680
299,110889,40156
300,110932,11450
301,114129,30304
302,110963,10452
303,114214,12106
304,114296,161495
305,110907,3586
306,111495,110
307,108394,108
308,111507,109
309,110769,159185
312,114571,28033
313,111333,22586
314,111112,14334
315,111255,2636
316,111282,2164
317,111070,11395
318,111161,278
319,111149,9905
320,108260,87078
321,106966,12527
322,114594,20306
324,111309,36614
325,113936,27993
326,110081,31439
327,114614,9067
328,114608,9059
329,111280,193
330,114609,25066
331,111454,46797
332,114852,12122
333,114694,11381
334,111590,32636
335,114788,36141
336,114888,95963
337,108550,1587
338,114857,9271
339,114924,2064
340,111667,19855
341,109655,60855
342,110598,236
343,112435,48287
344,109040,3049
345,109045,2759
346,106339,12635
347,104779,10497
348,109348,11382
349,109444,9331
350,109446,10731
351,109484,10464
352,109504,34152
353,109506,9495
354,109450,29973
355,109813,888
356,109830,13
357,109831,712
358,113305,16295
360,110093,10879
361,110167,10660
362,110213,10714
363,107472,41647
364,110357,8587
365,107426,1689
366,111686,11596
367,110475,854
368,110478,9359
369,110588,23333
370,110622,36593
371,110771,12280
372,110950,2788
373,105226,10427
374,110989,11011
375,111054,49803
376,110997,8987
377,111257,1637
378,111256,15128
379,111438,8831
380,111503,36955
381,111693,10449
382,111742,10395
383,111756,12160
384,112443,40480
387,110399,26352
388,112570,39953
389,109454,41580
390,59170,315
391,110186,22067
392,108069,18242
393,111301,11667
401,113827,226229
405,110027,8011
407,113409,2654
408,109021,18069
409,109035,19092
410,106220,2758
412,106226,10436
413,109068,13595
414,109067,46094
415,106292,9409
416,109198,11853
417,109219,16771
418,106379,46924
419,106400,11041
420,109254,306
421,109279,14522
422,109297,26203
423,109303,178
424,109305,19819
425,109306,57834
426,106452,4722
427,106471,18215
428,106489,1607
429,109361,26391
431,106519,6075
432,109439,11310
433,109443,18658
434,106582,9350
435,106598,9612
436,109456,2124
437,109480,26261
438,109493,19176
439,106660,49299
440,106673,11566
441,106677,9571
442,106697,9739
443,109729,24257
444,106834,34444
445,106873,26141
446,106332,10997
447,109783,50463
448,106881,10443
449,106880,20239
450,111732,16297
451,106926,18551
452,111712,25440
453,106941,9024
454,106918,37233
455,106965,1634
456,109842,13815
457,106977,5503
458,107004,35588
459,109890,2087
460,109891,41579
461,109913,18620
463,107057,4916
464,107076,2019
465,107096,31642
466,107144,9255
467,113674,26271
468,112966,10612
469,107151,2259
470,110064,16097
471,110074,11934
472,110097,106143
473,110123,12475
474,107206,9386
475,107207,7984
476,110137,59930
477,108551,15765
479,107286,6
480,107290,329
481,107302,10909
482,110265,507
483,107322,34024
484,110305,29918
485,107362,9593
486,107413,42580
487,110353,22317
488,107468,1413
489,107478,12121
490,107497,2246
491,107501,10502
492,107507,10440
493,107554,9516
494,116253,2320
495,74102,5879
496,111689,83718
497,107616,11971
498,107611,2625
499,107613,31911
500,107614,788
501,107653,21450
502,110657,11231
504,110678,10447
505,110687,31586
506,107756,9300
507,107808,9559
508,107818,9800
509,107822,713
510,107840,8291
511,107889,18133
512,111003,25557
513,110939,22588
514,110955,10872
515,107943,1245
516,110971,11858
517,107969,7007
518,111001,10467
519,107978,5550
520,107977,8005
521,107983,2088
522,105275,10412
523,108000,47889
524,108002,14534
526,105032,41878
527,108052,424
528,111094,35233
529,108065,14291
531,108071,11236
532,111127,11592
533,111143,8850
534,108101,10445
535,108122,695
536,111194,43535
537,111201,12519
538,108149,23210
539,108160,858
540,108162,867
541,83658,78
542,108186,13203
543,108174,10442
544,108238,11074
546,108255,9607
547,111323,17585
548,111400,9057
549,108328,20967
550,111418,10635
551,107688,9479
552,108333,10057
553,108358,11969
554,111488,41590
555,108399,319
556,108515,26408
558,110763,15139
559,107779,161158
561,110259,85247
562,114906,11446
563,107002,51980
564,109403,24405
565,104029,11655
567,107315,8223
568,106408,14587
569,110363,31504
571,111709,53185
573,107225,23637
574,111252,17600
575,110366,10897
577,109120,21352
580,110892,37345
581,112651,32562
582,107642,47507
585,112572,9066
586,99785,771
587,99653,251
588,103639,812
589,103064,280
590,99348,581
592,96895,268
593,102926,274
594,29583,408
595,101414,10020
596,32910,10895
597,100405,114
599,65214,576
600,110395,15477
603,112606,30528
605,117247,7300
606,112625,10824
608,116282,275
609,116552,25059
610,82509,11827
611,116514,8766
612,117283,23570
613,116684,47333
614,110374,54850
615,70506,51242
616,65421,10112
617,113083,4307
619,116165,32308
620,102855,88893
621,107471,52873
626,117891,28121
627,113613,12520
628,117381,1592
630,115837,36447
631,115509,19042
632,114671,38884
633,112844,47449
635,116275,41852
637,117608,9099
638,113448,2021
639,116414,61752
640,116095,10988
647,115956,10684
648,117060,954
650,117071,18989
651,117788,10801
653,116136,8840
656,116168,11107
659,54189,10363
661,116683,10539
662,116287,10543
663,116768,18414
664,116269,47502
665,114787,11902
667,112536,25087
668,48473,5801
670,52572,896
671,117128,3065
673,117705,2300
674,62711,8069
678,108181,27768
679,114307,221917
680,58898,8072
681,82206,35797
685,113443,33245
687,109491,124460
688,114048,27281
690,111613,105045
691,117104,40001
692,117688,29621
694,117774,20762
695,114736,37144
696,112604,48260
697,116289,12656
698,109593,38867
700,112368,25969
702,62952,753
703,115742,43634
704,117420,9103
705,115951,90214
707,117107,10990
708,117979,8866
709,95776,12233
710,115851,23449
711,116322,36355
714,112817,922
715,113362,11876
718,108500,11687
719,117108,9304
720,118114,
721,114103,
722,113270,73183
724,115963,9100
725,116448,20759
726,116827,46063
728,112701,32513
731,116508,36915
733,117500,9802
735,109592,21588
736,117998,664
737,115624,11867
741,113568,9323
742,117894,10280
743,117723,10535
745,112691,532
746,40366,26744
747,117768,16299
748,115571,10547
750,57012,935
753,113849,41007
754,113188,35645
755,42644,110465
756,109381,255546
757,109688,40751
759,110480,85778
760,108211,11101
761,117331,9826
762,117765,9879
764,113280,22621
765,116669,7095
766,116594,26890
767,113211,46732
769,116992,
775,63715,41225
778,117951,627
779,118523,32872
780,116629,602
781,117737,14553
782,116277,9566
783,116583,10545
784,115798,9894
785,116778,11543
786,116213,9268
787,113147,52059
788,117218,9327
793,106810,124306
798,116040,11228
799,116365,10779
800,116905,26748
801,116493,38223
802,117333,9294
803,118113,49963
804,117628,11363
805,117913,1645
806,115530,31546
808,115493,36344
809,116320,18550
810,116756,11511
813,116823,34170
816,117999,124645
818,118073,12606
820,49521,35206
824,110246,12632
828,115472,18975
829,116707,11962
830,116313,2925
831,114550,28628
832,117438,3595
833,116531,9308
834,117332,92381
835,116353,18555
836,115857,12123
837,117008,10830
838,116191,3573
839,115986,10546
840,116571,18862
841,53459,31417
842,117826,9431
844,108227,297645
845,111424,48144
846,113080,46986
848,117718,47907
849,116225,10061
850,112767,36266
851,115632,549
852,117918,10478
854,51980,116690
858,68646,238
861,104558,11134
864,114936,132641
865,114474,42758
866,115736,9303
867,115836,23945
869,116745,22479
870,119214,9054
872,109066,11985
875,110693,410921
876,106544,38955
879,120004,11015
880,116654,9306
881,116311,12559
882,117965,58770
885,115725,3587
886,115783,10723
888,113596,19004
889,109001,101230
891,113253,10987
892,117991,44705
893,117093,20318
896,111019,26933
897,35896,27854
898,32904,981
899,45152,872
900,43278,2769
901,50419,13320
902,54698,164
903,52357,426
904,47396,567
905,25316,3078
906,36855,13528
907,25164,28288
908,53125,213
909,53604,284
910,53291,239
911,56923,4808
912,34583,289
913,33870,963
914,58385,11113
915,47437,6620
916,46250,804
917,31580,26531
918,37059,909
919,32138,630
920,31381,770
921,84370,31044
922,43014,599
923,33467,15
924,62622,62
926,42192,705
927,32143,22490
928,32976,223
929,32484,25670
930,38787,303
931,38109,4174
932,50105,8356
933,48728,381
934,42451,20758
935,45537,29376
936,31725,1859
937,50658,18299
938,51658,17281
939,52126,64382
940,29843,10907
941,32762,32093
942,37008,1939
943,39420,22292
944,29162,3598
945,27125,3080
946,35446,198
947,28010,13562
948,49261,1712
949,48028,220
950,25878,3529
951,32599,3085
952,48960,2897
953,38650,1585
954,31679,3083
955,29947,900
956,34012,43795
957,17350,85638
960,38300,22688
961,27893,23114
962,32022,26378
963,41509,40206
964,39152,22356
965,26029,260
966,38235,43488
968,63350,10331
969,43265,488
970,46414,22733
971,51459,261
972,47162,57575
973,33891,32574
976,22879,22649
980,93229,39448
981,118927,52855
982,48491,39940
984,117357,85328
986,116329,11076
987,118742,63945
988,116442,58985
990,117011,10861
991,117039,1770
992,117473,44465
994,115678,18203
996,116830,9333
997,115847,47260
998,117603,9400
999,115438,9401
1003,116259,11306
1004,116421,9625
1005,116000,10680
1006,115862,6346
1007,72653,18660
1008,47977,35115
1009,72951,14821
1010,64603,14136
1011,71607,10869
1012,50798,22660
1013,55277,19186
1014,54195,31102
1015,107131,6878
1016,53271,15944
1017,54357,18444
1018,59793,20723
1019,46672,173
1020,106611,864
1021,109127,24795
1022,42332,11224
1023,63819,81310
1024,38166,15947
1025,57546,9078
1026,41890,29682
1027,102798,8367
1028,58331,433
1029,33563,11360
1030,76538,11114
1031,66817,12335
1032,43274,12092
1033,82406,10948
1034,116361,11229
1035,59742,15121
1036,95016,562
1037,104692,10163
1040,117582,47199
1041,117589,11159
1042,117887,9591
1043,117924,30500
1044,117791,41843
1046,115640,10938
1047,116908,11412
1049,116409,10586
1050,116913,42314
1051,117958,27845
1053,117202,23223
1054,116404,49471
1055,120107,38153
1056,116722,25147
1057,116242,9716
1059,117509,454
1060,117802,10218
1061,117665,819
1063,116714,56830
1064,115491,11238
1066,29546,31530
1067,28757,66473
1068,39286,28120
1069,37101,1834
1073,67992,252
1076,55018,16372
1077,70707,11561
1078,66808,11302
1079,95159,623
1080,79470,583
1081,84865,12614
1082,68334,21711
1083,59243,11575
1084,61418,475
1085,52027,11331
1086,46912,521
1087,113731,21202
1088,92890,88
1089,105236,500
1090,91763,792
1091,98627,8491
1092,103772,402
1093,101761,10537
1094,104036,11386
1095,104348,9504
1096,84707,15764
1097,83866,601
1099,29992,25842
1100,99371,2119
1101,92099,744
1103,48545,221
1104,44081,702
1105,115885,25750
1111,117040,9305
1112,117284,37616
1113,115580,11112
1114,116378,21612
1120,117318,1630
1123,117320,124837
1124,82846,11816
1125,72081,11843
1126,101775,10379
1127,96754,2756
1128,80749,790
1129,82340,1103
1130,82533,11298
1131,91288,4480
1132,91480,4481
1133,111357,
1135,81375,10765
1136,71853,762
1137,116587,44497
1145,117677,79306
1147,118147,10548
1148,108598,531
1150,84589,4483
1151,109781,18919
1152,40427,31556
1153,40723,26167
1154,39881,26174
1161,78875,659
1162,69198,30892
1163,110521,86369
1164,60304,8074
1165,115715,124676
1167,116059,38554
1168,115610,49763
1169,99028,41326
1171,103850,10608
1172,95765,11216
1173,97108,7452
1174,109942,64567
1175,101700,892
1176,101765,1600
1177,101811,26561
1178,50825,975
1179,99703,18129
1180,102014,54405
1181,120121,150823
1183,116209,409
1184,102426,38251
1185,97937,10161
1186,98724,1412
1187,105107,41768
1188,105488,10409
1189,96257,14285
1190,101026,2469
1191,102370,10174
1192,100332,31225
1193,73486,510
1194,78446,11455
1196,80684,1891
1197,93779,2493
1198,82971,85
1199,88846,68
1200,90605,679
1201,60196,429
1202,94336,13446
1203,50083,389
1204,56172,947
1206,66921,185
1207,56592,595
1208,78788,28
1209,64116,335
1210,86190,1892
1211,93191,144
1212,41959,1092
1213,99685,769
1214,78748,348
1215,106308,766
1216,95250,175
1217,89881,11645
1218,97202,10835
1219,54215,539
1220,80455,525
1221,71562,240
1222,93058,600
1223,104361,530
1224,97499,10705
1225,86879,279
1226,45061,3109
1227,87843,311
1228,81398,1578
1230,75686,703
1231,86197,9549
1232,79944,1398
1233,82096,387
1234,70735,9277
1235,67185,343
1236,103130,37291
1237,50976,490
1238,85859,11235
1240,88247,218
1241,103873,763
1242,97441,9665
1243,100519,18971
1244,79522,696
1245,100150,379
1246,97165,207
1247,61722,37247
1248,52311,1480
1249,100263,9322
1250,50212,826
1251,56801,422
1252,71315,829
1253,43456,828
1254,40897,3090
1255,92610,9964
1256,23969,3063
1257,88794,13667
1258,81505,694
1259,92005,235
1260,22100,832
1261,92991,765
1262,57115,5925
1263,77416,11778
1264,82269,4485
1265,107048,137
1266,105695,33
1267,56218,982
1268,100436,8428
1269,36613,212
1270,88763,105
1271,101921,1633
1272,66206,11202
1273,90967,1554
1274,94625,149
1275,91203,8009
1276,61512,903
1277,99334,11673
1278,72431,3034
1279,102536,339
1280,101640,10404
1281,32553,914
1282,32455,756
1283,44706,288
1284,38355,910
1285,97493,2640
1286,81534,16633
1287,52618,665
1288,88258,11031
1289,85809,11314
1290,94006,15143
1291,97576,89
1292,78841,10322
1293,83987,783
1295,96332,10644
1296,91867,11257
1297,89886,14370
1298,84503,12104
1299,87553,625
1300,89606,8816
1301,49223,830
1302,97351,2323
1303,73341,983
1304,64115,642
1305,87884,655
1306,101458,10341
1307,98635,639
1310,116589,30180
1311,117550,31388
1312,116293,41801
1317,116601,61536
1320,103644,8077
1321,82010,814
1322,103678,41671
1323,85159,27214
1324,115535,52263
1325,106262,33519
1326,83550,16235
1327,78767,11449
1328,99030,41848
1329,71233,25944
1330,90655,24913
1331,75704,49126
1332,92632,32076
1333,56869,571
1334,51418,8851
1335,82083,37843
1336,101492,32146
1337,37549,30346
1339,103874,6114
1340,26138,229
1341,74258,13549
1342,103919,9529
1343,101540,1598
1344,55824,11349
1345,74285,7340
1346,83722,6217
1347,87800,377
1348,13442,653
1349,91651,28198
1350,75005,794
1351,115710,31640
1352,115495,8744
1353,117057,25189
1354,115751,145
1355,119791,2212
1356,117731,199
1357,117631,7863
1358,117666,12498
1359,116705,9279
1361,117293,17204
1363,117372,21539
1365,117477,12709
1366,115988,20539
1367,115433,11674
1369,110171,64900
1370,99423,1573
1371,79945,152
1372,102975,174
1373,98382,172
1374,84726,154
1375,88170,157
1376,92007,168
1377,103776,364
1378,96487,11967
1379,100994,9086
1380,77631,621
1381,84021,9037
1382,100114,10173
1384,117773,168535
1385,105690,8845
1387,73195,578
1388,77766,579
1389,85750,17692
1390,117119,17795
1391,116996,75
1392,115906,13891
1393,116695,9390
1394,93822,378
1395,94155,10896
1396,105435,2322
1397,115633,41240
1398,116621,26949
1399,116999,9819
1401,116410,31908
1404,119783,46027
1405,115641,3179
1406,112769,1802
1407,117571,4232
1408,104691,9361
1409,117038,2928
1410,116240,30285
1411,116477,10549
1413,118163,18451
1414,117091,27265
1415,118100,49935
1416,116250,8818
1417,117364,36758
1419,67959,36040
1420,117028,74239
1422,119731,9415
1423,116506,55146
1425,119115,12145
1427,120390,34314
1428,112362,2892
1429,116704,9404
1430,120414,85242
1431,118708,9622
1432,119664,8860
1433,110425,197537
1437,106535,14832
1438,118928,9619
1440,106266,31000
1441,106387,4104
1442,119937,26306
1444,109949,43775
1445,119640,14908
1446,116790,784
1447,119225,12489
1449,118111,16448
1450,116754,55936
1453,118691,17894
1454,120238,28059
1455,116565,58911
1456,119887,17949
1457,119141,1968
1458,120357,61563
1459,118548,66
1460,120317,20735
1461,120434,11419
1463,120318,25796
1464,116922,638
1465,120036,25624
1466,119008,9366
1468,118750,21915
1472,118859,18420
1473,118702,19952
1474,119432,9446
1475,116743,28005
1476,119951,9403
1479,120053,10003
1480,120152,9311
1482,118064,11844
1483,115964,884
1484,116041,49806
1485,119528,1624
1487,120094,16052
1488,118972,4477
1489,118829,24662
1490,118663,18423
1493,116931,76996
1495,120389,6499
1497,119013,9405
1498,119381,12723
1499,118615,9360
1500,119229,9434
1501,116762,118991
1502,116783,21626
1503,118541,13982
1504,113314,93946
1507,119859,77223
1508,120366,31465
1513,120032,9611
1515,120461,10357
1516,115886,9977
1517,118655,816
1518,118771,2163
1523,120383,31017
1525,120479,49478
1526,119109,12499
1527,119116,18
1529,119809,1811
1531,116920,109614
1532,120190,60082
1535,119578,64802
1537,117615,11239
1539,120394,15321
1541,118556,2058
1542,115744,9450
1543,118964,125021
1544,119567,330
1545,117359,38523
1546,117561,16375
1549,114303,45671
1550,120373,17770
1552,118880,1701
1554,114134,26422
1555,112951,124642
1556,120179,1639
1562,118688,415
1563,119019,47686
1564,120034,65889
1566,119282,11970
1569,119738,8874
1570,105569,17991
1571,115856,11956
1572,57345,266
1573,119094,754
1575,116384,43771
1580,119654,607
1581,119848,18080
1582,120512,38225
1583,120133,17834
1584,118884,686
1586,119173,4421
1587,82198,9387
1588,119190,10603
1589,118887,2142
1590,119081,8413
1591,120177,10336
1592,118570,20737
1593,119896,9413
1594,119361,14585
1595,119152,18519
1596,118818,49462
1597,118883,8834
1598,118966,9458
1599,120207,8854
1600,120112,38295
1601,119311,22073
1602,119509,37244
1603,119675,4961
1604,119695,9416
1605,119086,26180
1606,119484,17832
1608,118571,9772
1609,118531,6072
1610,99810,1669
1611,102494,468
1612,119465,32519
1613,120197,108401
1614,119360,10806
1615,119051,9433
1616,119874,6623
1617,119488,2118
1619,120102,978
1620,119468,9437
1621,120169,29461
1623,120524,10351
1624,120323,66588
1625,119174,2649
1626,119123,14289
1627,120399,10155
1629,119632,20457
1631,118647,18355
1632,120151,33657
1633,120402,55306
1635,119349,68924
1636,120192,36434
1639,118842,2255
1640,119326,28353
1641,119164,9427
1642,116631,172545
1643,119280,17589
1644,119345,3597
1645,118971,1813
1646,120029,36797
1647,119906,12628
1648,119324,33344
1649,119107,25099
1652,120539,62422
1653,119177,782
1654,119095,29911
1655,119891,9827
1657,120529,251481
1658,119535,8067
1660,119080,45153
1661,119210,10871
1663,83131,10890
1665,118689,1281
1667,119592,9770
1668,119832,12616
1669,120275,34838
1670,120490,14905
1671,119527,14583
1672,119978,11975
1673,118749,4995
1674,90329,9281
1676,120201,563
1678,107282,19931
1680,120148,10215
1681,119707,9823
1682,120382,37165
1683,120520,45609
1684,119723,38904
1686,119994,9407
1687,119395,4824
1688,118617,9444
1689,120483,9414
1690,118583,8078
1692,112318,29938
1693,118607,11831
1694,118632,2895
1696,118698,19601
1699,118804,22797
1701,118954,2639
1702,119137,9574
1703,119142,10371
1704,119217,489
1707,119303,9714
1711,119668,8197
1713,119715,6283
1715,119819,49728
1717,120082,4233
1719,120255,10217
1721,120338,597
1722,120347,714
1726,119925,9922
1727,119314,547
1728,120521,25994
1729,119396,184
1730,119485,9746
1731,119718,9438
1732,118715,115
1733,118566,26941
1734,119590,27103
1735,119223,9410
1739,118539,32302
1744,120670,41417
1746,120820,12538
1747,120885,586
1748,118929,2666
1750,120478,54007
1752,120696,11258
1753,120693,9490
1754,119099,9411
1755,120122,25719
1756,118643,9033
1757,112913,11220
1759,119815,21253
1760,120185,6116
1762,118956,9457
1767,119734,39424
1769,120008,11702
1771,119784,12238
1772,118747,11568
1777,120888,11003
1779,120184,10153
1783,120782,30949
1784,119822,2898
1785,99939,9558
1788,119656,320011
1791,119594,26269
1792,120873,11808
1794,119574,47452
1795,112619,18205
1796,140282,36943
1797,120661,21736
1798,118744,17941
1799,120241,10668
1801,120744,9313
1804,120769,42807
1805,120890,617
1806,125454,36568
1807,120642,37272
1809,119250,5910
1810,119942,9440
1812,120510,32911
1816,124179,32456
1819,120219,62695
1821,120772,17127
1822,120645,40688
1824,119305,17133
1826,120598,17644
1827,124295,1774
1831,120738,2157
1833,120749,8838
1834,120176,29193
1835,120632,795
1836,120728,16980
1837,120773,27472
1839,120765,47881
1840,124718,9469
1841,119196,12488
1844,118819,267
1845,120906,16148
1846,119792,21252
1848,118755,9449
1852,118727,215373
1854,120723,15513
1855,120725,31220
1856,138563,13907
1858,117786,10622
1859,120265,30020
1860,119448,17139
1861,118785,34582
1862,120841,10216
1863,120742,9771
1864,120838,24560
1865,141986,76330
1866,120609,9448
1870,118925,78373
1873,119683,4415
1874,120211,39467
1875,118866,55561
1876,120647,8656
1878,120531,58680
1880,119506,35796
1881,120800,18937
1882,120685,929
1883,118798,9452
1884,120669,1878
1885,120777,9844
1886,131436,40505
1887,119053,14342
1888,119313,9715
1889,119375,26610
1891,120401,40961
1892,120787,1965
1894,120828,6068
1895,127723,15037
1896,118894,50043
1897,139362,37636
1900,118849,21334
1901,150290,416437
1902,116141,32284
1903,126938,51955
1904,122529,37410
1907,120762,10674
1909,120902,846
1910,126344,12655
1911,118998,3050
1912,120780,1389
1913,73540,11020
1914,120321,20862
1916,118789,9464
1917,120591,95
1918,122151,944
1919,123987,35680
1920,122718,11551
1921,138704,473
1922,140688,102304
1923,129387,544
1924,52077,10513
1925,18578,28966
1926,19729,65203
1927,20629,143
1928,21746,42861
1929,22958,33680
1931,26752,12311
1932,27698,43277
1933,29146,43278
1934,30993,34106
1935,33729,43266
1936,35093,27367
1937,36872,17661
1938,37884,28580
1939,36868,887
1940,39416,33667
1941,40416,23383
1942,41113,25430
1943,44672,27191
1944,45793,11426
1945,47296,654
1946,48356,15919
1947,55614,1725
1948,57590,5769
1949,60665,874
1950,61811,10633
1951,63385,17917
1952,64665,3116
1953,67116,1051
1954,75148,1366
1955,79417,12102
1956,81283,16619
1957,82158,9443
1958,86425,11050
1959,89755,606
1960,93389,746
1961,95953,380
1962,97239,403
1963,65063,11485
1964,67309,466
1965,87995,13820
1966,100142,15389
1967,91369,13597
1968,88847,2108
1969,89686,10014
1970,93629,10072
1971,95742,10131
1972,97981,10160
1973,101917,11284
1974,80761,4488
1975,82418,9725
1976,83972,9728
1977,87298,9730
1978,89173,9731
1979,91080,10225
1980,95179,10281
1981,97388,10283
1982,77651,948
1983,82495,11281
1984,85636,10676
1985,95271,11357
1986,97474,11361
1987,81383,36599
1988,93176,39929
1989,98136,41828
1990,105179,41769
1991,94862,10585
1992,99253,11186
1993,103956,11187
1994,84516,609
1995,91778,11133
1996,95889,10306
1997,70047,9552
1998,76009,11586
1999,99528,11587
2000,93409,941
2001,97733,942
2002,104714,943
2003,87363,927
2004,99700,928
2005,89218,9340
2006,120746,9342
2007,119910,38509
2008,117898,60033
2009,70723,12101
2010,17136,19
2011,96874,165
2012,99088,196
2013,69113,551
2014,76054,16084
2015,54594,17984
2016,78790,22328
2017,54649,32611
2018,34492,3170
2019,47478,346
2020,94947,859
2021,87182,841
2022,95497,11051
2023,99674,242
2024,102757,1411
2025,119558,9769
2026,134619,9424
2027,120741,9835
2028,120815,857
2029,137386,17539
2031,66728,22777
2032,66811,20173
2033,88814,10957
2034,78869,9570
2035,62737,16249
2036,109287,13962
2037,75807,14612
2038,77305,19378
2039,97053,65157
2040,65566,29228
2041,82199,19379
2042,109520,11164
2043,52722,18887
2044,82263,40866
2045,106868,24736
2046,91059,10122
2047,61715,24816
2048,91149,9994
2049,61749,25445
2050,80861,12129
2051,76137,14140
2052,107120,10439
2053,104437,11158
2054,97523,9354
2055,77698,28736
2056,56095,34774
2057,57180,37969
2058,120768,9631
2059,120783,9820
2060,131857,14013
2062,120687,96196
2063,124115,98505
2064,98213,1779
2065,89853,10849
2066,39689,678
2067,59113,907
2068,83922,5961
2069,90203,47908
2070,86423,42121
2071,106273,2887
2072,96734,11974
2073,89126,20348
2074,71910,26648
2075,82736,11911
2076,90756,793
2077,89385,35144
2078,61852,9325
2079,53994,43037
2080,48280,10340
2081,97757,10144
2082,104868,10414
2083,104940,10437
2084,104990,15300
2085,55254,12230
2086,89731,13380
2087,46183,10693
2088,81353,11335
2089,100477,11135
2090,76618,11319
2091,78158,14822
2092,107952,15969
2093,89908,13155
2094,102803,10249
2095,75200,15943
2096,53285,10882
2097,86336,24808
2098,57518,19762
2099,38969,13850
2100,88161,2619
2101,111271,65158
2102,19422,53565
2103,111359,41841
2104,84783,27332
2105,84827,97
2106,108265,10419
2107,120694,11675
2108,102250,2107
2109,79367,6471
2110,83798,9442
2111,85894,11591
2112,101969,13697
2113,99697,19158
2114,86066,227
2115,87469,87
2116,77869,123
2117,87803,9314
2118,85407,11336
2119,91499,9980
2120,107665,10657
2121,85382,10489
2122,87050,10823
2123,96787,11497
2124,101272,2907
2125,120631,9454
2126,120832,8688
2128,120813,16155
2130,80388,23954
2131,77711,12761
2132,61184,396
2133,92513,14367
2134,90305,11814
2135,61584,16081
2136,57372,18331
2137,70016,15171
2138,78480,11837
2139,84649,11704
2140,83791,11639
2141,90633,4978
2142,101329,10380
2143,89469,11976
2144,88128,15144
2145,91790,11522
2146,90060,11557
2147,90848,13853
2148,91223,11415
2149,93220,37530
2150,80801,8393
2151,97443,11937
2152,140796,21661
2153,118661,9320
2154,120703,33644
2155,120831,14662
2159,99763,10692
2160,63522,805
2161,88323,34584
2162,100240,34636
2163,80391,2182
2164,94077,28070
2165,119517,77469
2166,124595,10278
2167,120611,36647
2168,120576,17915
2169,118301,14557
2170,120901,9417
2171,119778,41469
2173,95709,34637
2174,94721,4011
2176,40746,1580
2177,74512,5854
2178,68611,573
2180,61107,5780
2181,58329,506
2182,51207,22527
2183,49470,574
2184,48750,11219
2186,44079,845
2187,42994,1978
2188,120577,3682
2189,119346,51942
2190,123324,46702
2191,119453,54795
2193,96446,847
2194,94226,117
2195,120654,14577
2197,119125,38621
2200,42004,4175
2201,39694,31667
2202,37017,13321
2203,36342,21734
2204,35279,31997
2205,33922,24197
2206,34248,11462
2207,31505,31995
2208,30341,940
2210,28212,12684
2212,25452,8208
2214,23285,15007
2215,23395,36049
2219,21165,31930
2221,19702,543
2227,17075,2760
2231,128442,10220
2232,123755,431
2236,124879,22796
2237,119934,22256
2238,75040,37550
2239,73817,37916
2240,81207,21873
2241,85346,21500
2243,92699,12626
2244,92537,37818
2245,96463,3525
2246,96166,129628
2247,95593,2321
2248,98258,2028
2249,100212,16384
2250,100134,91217
2252,104412,10699
2253,105629,11597
2254,82172,218624
2255,84938,47947
2256,84472,48311
2257,87810,44772
2259,86973,14347
2260,92225,41090
2261,91680,18282
2262,90583,18169
2263,96073,11082
2264,98625,5971
2265,102558,11933
2266,101523,20096
2267,102469,30815
2268,104257,881
2269,107211,4478
2271,120788,22318
2272,120776,53113
2273,120812,2109
2275,118736,24746
2276,120835,72987
2278,122690,8195
2279,146336,9877
2280,118863,26618
2282,126604,11855
2283,100594,24016
2284,109206,14785
2285,63850,14794
2286,80731,3486
2287,47573,11071
2288,84787,1091
2289,105151,10403
2290,81554,11337
2291,99487,162
2292,117276,25723
2294,120587,8916
2295,120823,28134
2296,120770,9429
2297,120889,12159
2300,63462,30197
2301,82517,10156
2302,104952,10377
2303,73440,3121
2304,119577,4975
2305,139615,37532
2306,120701,9713
2307,122642,134368
2310,119670,9821
2311,86837,4437
2312,90830,1890
2313,80678,1955
2314,120603,39437
2315,144120,11932
2316,120791,6435
2318,147612,10683
2320,118636,9445
2321,120789,2657
2322,120157,9425
2323,150230,32326
2324,118799,637
2325,124819,8675
2327,100740,20701
2328,120877,9945
2329,120586,73
2330,116481,18603
2331,120722,46889
2333,120684,3033
2334,133952,9882
2335,120484,10663
2336,127536,4518
2337,120879,1808
2338,130018,3600
2339,155753,17037
2340,119643,297
2342,116488,21589
2344,89941,11893
2345,90934,123056
2346,73747,12223
2347,87932,32081
2348,91954,14924
2349,91538,10002
2350,99750,41817
2351,50783,19426
2352,85244,12560
2353,120660,9798
2354,134067,14444
2355,120623,9487
2356,120533,9466
2357,140888,666
2359,166396,10162
2360,154420,309
2361,69089,692
2362,45826,24018
2363,47034,1678
2364,87344,39256
2365,56142,1680
2366,24216,244
2367,74751,10730
2368,91344,31947
2369,89017,8130
2370,89087,11532
2371,89155,9749
2372,97366,14628
2373,89893,9626
2374,91159,13698
2375,91541,10466
2376,90264,707
2377,89489,11954
2378,87928,9336
2379,89822,10157
2380,91777,12118
2381,93756,10587
2382,95882,11825
2383,98105,11895
2384,120595,9447
2385,119304,12257
2386,165494,37536
2387,124198,10029
2388,119248,27104
2389,155975,11252
2390,147004,8545
2391,120324,10223
2392,141109,9745
2393,120844,200
2394,120794,9837
2395,128445,11545
2396,138097,1934
2397,87688,110643
2398,39628,11881
2399,89961,13764
2400,98115,24951
2401,89767,8879
2402,89880,1369
2403,83944,1368
2404,95956,1370
2405,89370,10303
2406,88011,9326
2407,88933,10328
2408,94890,11285
2409,79817,1367
2410,84602,1371
2411,89927,1374
2412,100507,1375
2413,88930,15196
2414,90357,11904
2415,92173,215875
2416,90685,15596
2417,91188,13818
2418,91653,29968
2419,91024,44326
2420,87538,1885
2421,91326,8856
2422,97647,10495
2423,97958,5825
2424,128853,9489
2425,120706,16885
2427,120863,8741
2428,133751,9276
2429,120751,9822
2430,41650,39314
2431,129290,10312
2432,120686,9441
2433,120633,9422
2434,142231,125582
2435,119336,24525
2436,120857,10368
2437,120514,11365
2438,144546,140897
2439,118564,31662
2440,127722,36136
2441,120699,1363
2442,150915,46992
2443,145734,825
2445,132512,15556
2446,120710,28902
2447,139699,14709
2448,120458,9423
2449,93072,14443
2450,91225,10658
2451,93075,6917
2453,90768,24086
2454,51622,11815
2455,91064,9426
2456,97368,10344
2457,91875,15698
2458,90660,2620
2459,72271,30497
2460,92076,16337
2461,99994,25018
2462,110978,16780
2463,91877,12151
2464,92112,25438
2465,90917,33278
2467,91605,192
2468,91306,10945
2469,91738,10013
2470,90555,9671
2471,92493,9396
2472,92105,11038
2473,91991,12278
2474,90863,11873
2475,90567,18588
2476,91187,10015
2478,92086,8388
2479,120683,45712
2481,151691,8129
2482,149151,1618
2483,112922,10722
2485,160862,10314
2486,138279,125548
2487,163984,47139
2488,54167,11167
2490,120784,2112
2491,145893,16172
2492,138987,111794
2493,128133,9524
2494,174852,20595
2495,70544,16306
2496,124298,11622
2497,139462,10207
2498,120764,9849
2499,119207,82865
2500,155776,18892
2501,132477,13466
2502,151804,1542
2504,137338,15256
2505,134273,8224
2506,123209,18417
2507,120618,12479
2511,70334,1847
2513,98084,8913
2514,105128,10906
2515,106557,25748
2516,109415,25749
2517,85333,8769
2518,84412,14742
2519,51744,15856
2520,65377,10671
2521,71110,27932
2522,75648,7227
2523,76636,10670
2524,72308,5919
2525,80354,33518
2526,79550,40160
2527,70909,2362
2528,74812,10803
2529,63442,871
2530,65462,1685
2531,69768,1705
2532,68408,1688
2533,67065,1687
2534,77189,166680
2535,71455,11123
2536,78740,29723
2537,78856,31638
2539,122933,9535
2540,142192,9455
2541,139134,796
2542,120735,100
2545,159696,84586
2546,120646,30943
2548,144814,7341
2549,131646,10350
2550,57129,11772
2551,94964,9540
2552,107626,31503
2553,54443,11773
2554,56931,30202
2555,118665,22345
2557,157016,1567
2558,141098,1641
2559,160429,47288
2560,129332,10212
2561,139668,10354
2562,118682,11526
2563,118892,8583
2565,49408,16520
2566,187819,16508
2567,131369,11374
2568,120757,16379
2569,122906,125123
2570,120613,28029
2571,133093,603
2572,147800,4951
2573,120274,65749
2574,129280,8970
2575,120449,9840
2577,119665,30950
2579,154506,11660
2580,139239,9430
2581,151738,11355
2582,105399,18764
2583,126250,9465
2585,133363,1414
2586,119219,49981
2587,123964,6522
2589,143261,114719
2590,136244,10209
2594,125659,1902
2596,133189,6396
2597,120836,39964
2598,120797,12596
2599,126886,9451
2600,120907,1946
2605,137494,1844
2606,138510,6552
2607,162973,24584
2609,115669,25471
2610,138874,4154
2611,155388,28519
2612,37913,3309
2613,87799,18462
2615,89652,18252
2616,99422,8592
2617,120616,564
2618,118826,13852
2620,120865,25232
2621,115005,33194
2622,140379,10210
2624,165078,17962
2625,115693,9460
2626,138414,4927
2627,120659,122190
2628,120915,1893
2629,166252,31342
2630,149723,44297
2631,120680,95627
2633,23245,15849
2634,53085,18990
2635,37098,29242
2636,37099,29243
2637,32818,31498
2638,35096,29239
2639,82766,15660
2640,78346,1924
2641,81573,8536
2642,86393,9531
2643,94074,11411
2644,21814,138
2647,36931,3103
2648,21884,3035
2649,31951,3077
2650,34786,3074
2651,35899,3076
2652,50280,3079
2653,36376,32023
2654,34398,13666
2655,89308,29794
2656,48696,9077
2657,73629,36685
2659,84156,30168
2660,44121,10785
2661,45920,19483
2662,46534,8974
2664,49366,11549
2668,84745,17918
2669,53183,37305
2670,52151,18784
2671,125439,509
2672,139809,1090
2673,156794,24858
2674,126859,15059
2676,128278,12117
2677,186508,11779
2678,126261,41730
2681,141105,13533
2682,164085,62676
2683,145660,817
2686,120802,14283
2687,120855,37135
2688,144214,2275
2689,184510,68426
2690,122541,24137
2691,120731,10376
2692,130827,104
2693,120370,15800
2694,142342,9032
2696,119038,9421
2697,119743,55955
2699,99052,6488
2700,158983,9473
2701,120891,8487
2702,162677,10279
2704,101318,2767
2706,163651,2105
2707,137363,1073
2708,137439,10239
2709,158811,10208
2710,185937,2667
2712,120663,345
2713,139414,9825
2714,161100,16158
2715,120878,133575
2716,87332,620
2717,97428,2978
2718,157503,10490
2719,171363,11618
2720,141369,332
2721,162710,1812
2722,149261,8914
2723,132347,9824
2724,163187,4806
2725,162830,33430
2726,49406,247
2727,48254,10056
2728,54331,967
2729,56193,802
2730,72684,3175
2731,53198,147
2732,55032,1628
2733,96378,21185
2734,91557,11120
2735,91129,10136
2736,90774,32060
2738,90886,48259
2739,88939,873
2741,91637,26789
2745,91530,11416
2746,91419,10776
2747,54033,24452
2748,92534,9710
2749,91554,31924
2750,93818,30890
2751,93051,24081
2752,93690,20242
2753,92627,39074
2754,92850,66194
2755,93415,2115
2757,83967,3526
2758,89816,41166
2759,144168,16406
2761,129167,10386
2762,167404,745
2763,155267,913
2764,63688,912
2766,168449,67323
2767,120709,91076
2769,138946,19457
2770,131325,11353
2771,120620,17707
2772,165710,9781
2774,168987,18212
2775,138487,13817
2776,119614,126996
2779,77663,12185
2780,57449,29056
2781,53363,26857
2782,55304,28501
2783,59821,29030
2784,58333,25319
2786,91178,24103
2787,88889,10552
2788,66765,9267
2789,77394,10766
2790,82377,10768
2791,80339,813
2792,83530,2665
2793,118604,9406
2794,89670,11418
2795,85995,11153
2796,95188,14170
2797,94737,2280
2798,100419,11077
2799,102719,28597
2800,104740,22611
2801,119843,39780
2802,96244,10396
2803,107798,9944
2804,85334,850
2805,130121,10154
2806,133046,10342
2807,176269,10366
2808,105698,9349
2809,188863,15122
2810,156887,10494
2812,160401,22314
2815,91278,11037
2816,95382,11955
2817,103617,2038
2819,73802,11963
2820,58175,141489
2822,104839,9096
2824,181733,113273
2826,120657,1911
2827,138304,2900
2828,160236,17709
2829,164108,37718
2832,144286,30964
2835,163579,2162
2836,125971,14578
2837,126810,40694
2839,157183,49184
2840,145531,10307
2841,164181,11601
2843,118843,1075
2844,151582,21719
2845,178988,40879
2846,97050,47951
2847,31762,43832
2848,45251,47697
2849,102741,49792
2850,107895,77064
2851,81454,
2852,88146,26522
2853,76150,23761
2855,86014,42114
2856,59297,28295
2857,63823,12105
2858,169547,14
2859,88178,24128
2860,181316,11001
2861,126916,10390
2862,80491,9453
2863,58182,704
2864,127296,35122
2866,77280,24153
2867,89175,11797
2868,97390,18086
2869,111342,124475
2870,61385,17887
2871,68473,10669
2872,82348,11527
2874,50814,40867
2875,108185,1049
2876,111419,28032
2877,73812,11326
2878,82511,28377
2879,99558,10975
2880,91431,10974
2881,150377,10398
2882,120716,2290
2883,140397,24071
2884,129884,62994
2885,160338,60994
2886,159421,16112
2887,168172,32305
2888,164114,14429
2889,134618,15198
2890,120188,6415
2891,162360,24066
2892,133122,21430
2893,134033,10381
2894,194314,171982
2897,87188,5622
2898,106664,10349
2899,31397,42518
2900,95652,29787
2901,79714,9638
2902,86154,10576
2903,91799,12662
2904,23369,61369
2905,56443,11712
2906,156934,12618
2907,167427,13824
2908,171804,226
2912,165854,10388
2913,165874,17198
2915,86200,9346
2916,100802,861
2917,82089,14412
2918,91042,9377
2919,86617,11541
2920,37674,2457
2921,68699,11901
2922,61747,4929
2923,76123,85325
2924,80179,11230
2925,65571,8416
2926,95270,11054
2927,37558,851
2928,87980,24453
2929,82979,18254
2930,176093,56235
2932,77405,16642
2935,33804,3086
2936,34240,16305
2937,35169,32255
2938,91214,48797
2939,46126,19997
2940,38559,3767
2941,52225,17352
2942,85549,535
2943,104507,2731
2944,61578,1654
2945,87722,31043
2946,59260,14831
2947,58150,658
2948,57076,657
2949,55928,646
2950,80453,5689
2951,58461,391
2952,119256,8052
2953,104431,772
2956,94008,31650
2959,137523,550
2961,160916,12220
2962,119114,1610
2964,192194,42881
2966,166896,404
2967,48977,42196
2968,81633,36819
2969,61138,42726
2970,83946,9343
2971,78754,16858
2972,93206,42006
2973,97123,11562
2974,200469,10496
2975,168501,16162
2976,163988,8649
2977,142201,31306
2978,144640,10563
2979,172627,14484
2981,72742,94857
2982,99710,32043
2983,59319,15247
2984,67527,29251
2985,93870,5548
2986,100502,5549
2987,96438,856
2988,81150,38772
2989,82398,699
2990,97742,709
2991,70328,253
2992,91829,13511
2993,59800,660
2995,185371,11377
2996,166943,26149
2997,120601,492
2998,144178,108346
3000,119698,128
3001,157075,46286
3002,200849,8672
3003,170705,8056
3004,120596,2020
3005,145681,9481
3006,140352,9008
3007,181288,14242
3008,156729,16129
3010,200071,11489
3011,65088,28145
3013,99180,18111
3015,77355,11223
3016,83767,16281
3017,92796,16288
3018,89885,1694
3019,97240,476
3020,106856,37094
3021,82427,13555
3022,17925,961
3024,78087,24831
3025,62218,64963
3028,61407,25560
3029,82817,21610
3030,55630,11878
3031,100475,11510
3032,67525,11234
3033,94012,957
3034,70608,11886
3035,48380,37853
3036,82484,62204
3037,65988,11040
3038,50371,21849
3039,86465,1621
3040,79540,14035
3041,87700,40771
3042,93516,40772
3043,104837,40773
3044,101669,11498
3045,105130,11790
3046,113416,29371
3047,83911,276635
3048,83254,47941
3051,149691,21349
3052,120655,1832
3053,151137,10047
3054,190641,10228
3055,165773,47692
3057,118150,144953
3060,101605,11663
3061,34862,13485
3062,56197,9289
3063,105156,9264
3064,119908,18222
3066,66473,11165
3067,95675,4203
3068,84855,24226
3069,68528,88875
3070,86856,11379
3071,94027,29154
3072,93565,2039
3074,68762,11943
3075,59646,11481
3076,57187,2690
3077,164312,20565
3078,165859,27141
3079,178737,10399
3081,162661,2668
3082,143145,36643
3083,185125,99
3086,24852,25898
3087,96061,9647
3088,42546,11787
3089,40522,5156
3090,93509,24276
3091,80979,11953
3093,67411,29005
3094,93512,26371
3095,32551,596
3096,50738,52470
3097,33045,20334
3098,87781,11393
3099,73692,31121
3100,105265,293
3101,93010,10998
3102,89360,12235
3103,100680,36094
3104,95631,9013
3105,99077,11005
3106,99291,59820
3107,101393,2924
3108,101889,177
3109,88007,38557
3110,87091,42087
3111,87921,13681
3112,90556,34760
3113,146675,9946
3114,120363,863
3115,155711,31582
3116,189744,125520
3117,134154,22267
3118,161023,55123
3120,104114,10411
3121,45877,41462
3122,33021,1718
3125,172396,20024
3127,144715,13787
3128,160513,54933
3129,158371,9684
3130,99165,9586
3133,15863,33015
3134,28950,777
3135,79239,21887
3136,50558,5652
3138,96171,32331
3140,14538,32628
3141,100828,32669
3142,96328,18161
3143,63056,31681
3144,60463,33666
3145,150216,32274
3146,205000,10402
3147,120689,497
3148,124315,1715
3150,141974,42739
3152,67328,25188
3153,51337,15515
3155,166485,1439
3156,182789,2277
3157,164912,10137
3158,162866,10387
3159,120910,49948
3160,175880,334
3161,119079,30237
3163,151568,46435
3165,106455,22213
3166,96978,47070
3167,66892,36492
3168,64276,624
3169,87231,26578
3171,53226,43103
3173,146838,9563
3174,125664,1850
3175,177789,926
3176,134119,1213
3177,195945,10471
3178,174856,10400
3179,145653,10397
3180,196857,20761
3181,120866,12524
3182,192335,28216
3183,174268,36773
3185,120834,10219
3186,172493,3558
3188,208261,41276
3189,156812,17908
3190,134983,10384
3192,169302,48233
3194,70903,10236
3196,46359,632
3197,95897,11851
3198,70511,5924
3199,50815,33734
3200,70290,14886
3201,65724,26617
3202,65436,11900
3203,97162,10493
3204,77269,16241
3205,54067,27632
3206,86859,22160
3207,45162,4460
3208,107659,9644
3210,83929,13342
3211,94924,35119
3213,106364,14919
3214,88707,14040
3216,66380,17343
3217,29606,22692
3218,102687,47620
3219,100318,2990
3221,83851,10831
3223,90366,33078
3224,58625,16672
3225,186975,10472
3232,16332,32600
3235,81748,13005
3238,120662,18681
3239,141399,75531
3240,156639,20468
3241,201840,14521
3243,104187,10406
3244,76095,14741
3245,58604,32015
3246,104797,1883
3247,105417,2005
3248,108147,6279
3249,104389,11087
3250,106246,7305
3251,88683,24735
3252,105323,9475
3253,105793,8872
3254,108525,8873
3255,104694,11287
3256,105112,9869
3257,103855,619
3258,104070,9374
3259,104231,11259
3260,104454,8293
3261,105415,11068
3262,105665,1923
3263,105812,10158
3264,103893,10206
3265,104684,11782
3266,103905,10086
3267,104815,9367
3268,105477,9876
3269,104291,10326
3270,104040,16562
3271,105046,9609
3272,103759,12143
3273,134084,4234
3274,105414,9605
3275,144117,8374
3276,171356,29076
3281,144801,113096
3282,116102,106837
3284,67848,27841
3285,163978,1907
3286,184907,15489
3287,220099,15655
3289,209189,36210
3292,47878,22342
3294,74455,30062
3296,62376,25934
3298,181984,14181
3299,162983,10385
3300,134847,2787
3301,190138,2069
3302,159272,61416
3303,221023,79515
3304,77248,14839
3306,18773,28978
3307,21749,901
3308,87265,25010
3309,9018,36208
3310,12349,10098
3313,84395,33374
3314,44420,43368
3316,184858,2155
3317,185014,11004
3318,158583,25212
3320,164756,139
3324,186045,25166
3325,156841,1831
3326,181151,10416
3327,218043,14271
3328,165798,4816
3329,94347,19958
3330,55471,28569
3331,85980,2193
3334,40506,11016
3338,97372,20423
3339,74695,10839
3340,47898,36489
3341,42276,24481
3342,86969,11296
3343,92559,61651
3344,56875,28172
3347,86005,14280
3349,39698,149687
3350,55353,29478
3351,58694,28177
3354,183523,2067
3355,142688,622
3357,181530,28463
3358,101698,12186
3359,78902,20283
3360,91217,5693
3361,94812,287
3362,72890,968
3363,69704,838
3364,42208,16958
3365,49730,3114
3368,51411,12501
3370,94731,31618
3371,74235,42232
3377,35966,22178
3379,53137,35412
3380,39748,43463
3384,72251,8333
3385,90274,19259
3386,102138,820
3387,98645,11718
3388,93148,8989
3390,91934,58048
3391,94321,26827
3392,98309,11157
3393,92834,28370
3394,92666,918
3395,93596,61178
3396,79588,11176
3397,82474,14900
3398,87755,11899
3399,89994,36536
3400,108526,18890
3401,88760,19736
3402,90219,123047
3404,46435,16535
3405,51994,10971
3406,43379,23928
3408,195685,462
3409,195714,9532
3412,95800,2383
3414,48316,53879
3415,72443,1396
3417,44517,11570
3418,103074,1541
3420,78718,17443
3421,77975,8469
3422,91939,27995
3423,96054,36739
3424,97216,925
3425,100168,41823
3426,102175,1713
3427,62824,26170
3428,78950,30547
3429,99317,54825
3430,71402,13939
3431,82250,14373
3432,89003,24873
3434,109578,34746
3435,36775,996
3436,101787,9079
3437,101615,1496
3438,100758,1498
3439,103060,1497
3440,108308,1499
3441,87985,1880
3442,90693,33762
3444,92675,11690
3445,77530,29143
3446,113133,35292
3447,28944,36652
3448,93105,801
3449,95238,104301
3450,107050,11520
3451,61735,1879
3452,165929,2085
3453,195778,13539
3454,202402,16222
3456,191043,17078
3457,127349,37722
3459,91142,33516
3460,61765,99008
3461,57261,9960
3462,27977,3082
3463,110629,49338
3465,92079,52961
3466,107091,12187
3467,57163,24748
3468,54997,990
3469,53946,1908
3470,71411,9764
3471,75860,840
3474,117468,26689
3475,43924,25673
3476,99871,2291
3477,112950,13531
3478,93378,16620
3479,89457,526
3480,91445,13346
3481,146882,243
3483,138749,10501
3484,192614,11478
3487,61619,6644
3489,102057,879
3490,68713,32613
3491,91579,39406
3492,17416,85689
3494,65126,17529
3495,105267,40841
3496,95564,118098
3497,85919,1793
3498,77928,11327
3499,100157,1700
3500,104928,54087
3501,89643,34322
3502,107630,41659
3503,69293,593
3504,74958,10774
3505,93640,10083
3506,79640,29786
3507,63374,11356
3508,75029,10747
3509,165643,38809
3510,186151,10559
3511,217756,20697
3512,122459,2621
3513,160797,10479
3515,183503,49721
3516,51406,2006
3518,119062,46625
3519,77572,17339
3520,59287,26879
3521,97940,11305
3522,67698,48211
3524,82031,13665
3525,86927,12309
3526,98067,1552
3527,93773,106
3528,102713,10333
3529,82934,11027
3531,99014,123757
3534,191754,10468
3535,144084,1359
3536,171433,4967
3537,149367,31776
3538,166175,10557
3539,236216,27745
3540,160644,19214
3543,83833,13776
3544,102898,26291
3545,68327,10784
3546,56687,10242
3547,93776,27857
3548,51383,16347
3549,48140,4825
3550,85701,11654
3551,74860,10518
3552,80487,11977
3553,176783,18041
3554,199725,14736
3555,141926,3536
3556,159097,1443
3557,104549,10424
3559,44837,28971
3560,77132,49096
3563,132910,9456
3564,158622,889
3565,198021,10564
3566,189584,15723
3567,180837,19600
3568,162348,125537
3569,154421,452
3571,220100,36234
3572,106521,39283
3573,112634,65460
3574,115834,55667
3575,156460,31978
3576,93185,12476
3577,96324,5241
3578,172495,98
3579,167203,21311
3580,153464,47724
3581,188674,11129
3584,85276,1058
3587,80923,16395
3588,68805,50627
3590,71772,38925
3591,85970,13105
3593,185183,5491
3594,210616,10560
3596,156323,19419
3598,171359,10688
3599,37514,17889
3600,54692,18228
3602,53848,18642
3604,56048,39391
3605,51818,18644
3606,41716,31516
3608,89791,5683
3609,181786,113279
3611,36326,14906
3612,75232,16176
3613,96259,52770
3614,104438,12518
3615,130623,10567
3616,217630,10642
3617,215129,9285
3618,196216,10569
3619,80881,21879
3620,119746,98502
3621,82933,21484
3622,66495,24918
3623,120755,955
3624,184894,8584
3626,154443,11332
3627,55830,16093
3628,34742,29372
3629,15864,962
3632,39631,30588
3633,64757,668
3634,58576,23518
3635,76752,691
3637,89960,44018
3638,79574,698
3639,71807,682
3640,50598,28973
3643,36824,22994
3646,208003,9600
3649,80365,2768
3653,60371,21
3654,54953,10911
3655,70130,10102
3656,39589,30308
3657,43899,38688
3658,62168,26912
3659,50873,26278
3660,98143,26953
3661,100438,26954
3662,102728,26956
3663,107899,26957
3664,110916,26958
3665,132451,26959
3668,63518,6003
3669,105466,23939
3671,71230,11072
3672,71206,23069
3673,92638,21299
3674,76044,38802
3675,47673,13368
3676,74486,985
3677,103767,14002
3678,48347,541
3679,82252,21137
3680,94980,36724
3681,59578,938
3682,70355,10648
3683,86979,11368
3684,97322,10875
3685,89841,2075
3686,99582,1551
3687,95525,22500
3688,84522,10246
3689,86129,19698
3690,89826,23919
3691,86143,18835
3692,90849,26554
3693,90190,15239
3694,98503,28165
3695,98502,28169
3696,91630,15762
3697,100403,169
3698,93894,865
3699,88172,9663
3700,87004,26889
3701,94631,10128
3702,79501,9659
3703,82694,8810
3704,89530,9355
3705,99141,1727
3706,92563,635
3707,91635,10068
3708,87262,11495
3709,105428,11428
3710,94612,10117
3712,102951,25562
3713,100046,51763
3714,94882,73079
3715,92710,38921
3716,93011,35463
3717,187078,9679
3718,179074,24587
3719,182295,51333
3720,145503,17771
3721,162711,31610
3723,99726,10264
3724,77362,31657
3725,82009,29204
3726,74156,17814
3727,93605,11879
3728,102592,21128
3729,67741,482
3730,71360,592
3731,82220,31593
3732,77588,12611
3733,70509,14328
3734,82945,32047
3735,70666,9040
3736,43338,25364
3737,56195,43002
3738,72226,5121
3739,23622,195
3740,90728,6978
3741,69762,3133
3742,15648,643
3743,204175,10571
3744,162650,479
3745,120913,7450
3746,188030,31023
3747,186253,25636
3751,120630,7443
3752,183505,2123
3753,187393,2024
3754,131704,17711
3755,177971,2133
3757,68230,25993
3758,97100,28774
3759,39404,46929
3760,76257,11598
3761,106469,9702
3763,89118,9873
3764,101846,16820
3765,99797,14864
3766,87727,15379
3768,94792,27352
3769,72288,8348
3770,87175,24099
3771,71569,17897
3773,99800,16094
3774,102065,16096
3775,38718,20343
3777,93608,11822
3780,42897,37744
3783,159382,12706
3784,219854,4244
3785,175142,4247
3786,179116,20770
3787,215369,1050
3788,60176,1052
3789,59575,20540
3790,212974,23655
3791,87277,1788
3792,38499,32275
3793,120903,36657
3794,200530,44490
3795,168794,47585
3798,161081,2655
3799,210234,12599
3800,205735,33828
3801,52561,93
3802,104299,9278
3804,79257,59181
3805,82622,22167
3806,64615,18118
3807,76716,11940
3809,103241,10276
3810,105813,19380
3811,80310,13783
3812,68555,11624
3813,77742,15867
3814,73312,11686
3816,89276,29263
3819,92048,11830
3820,205461,16110
3821,144528,12107
3822,144201,10401
3823,171865,32640
3824,174480,10641
3825,200550,6282
3826,164052,9383
3827,186566,5551
3829,156757,43079
3831,195234,2360
3832,57603,28043
3833,52646,33468
3834,80472,21866
3835,106627,33408
3836,65938,11589
3837,95863,15158
3838,110823,16139
3839,138703,16146
3840,95925,26515
3841,99005,11856
3843,86320,13567
3844,98384,10860
3845,49189,8420
3846,85470,18391
3847,71650,20850
3848,111187,39473
3849,38975,27452
3851,251739,38548
3852,234853,20438
3854,130444,2211
3855,204709,46991
3857,163983,10391
3858,173716,14195
3859,233687,15665
3860,138681,45905
3861,191397,10393
3863,209958,8843
3864,188640,10643
3865,236388,23618
3868,95705,37136
3869,102510,37137
3870,32881,23283
3871,46303,3110
3872,53318,14698
3873,59017,11694
3875,62885,39891
3877,88206,9651
3879,160009,11398
3880,236008,161687
3882,204946,1588
3883,162903,287821
3885,234137,25128
3886,161216,18153
3889,144964,12211
3890,259207,137236
3891,216772,9995
3892,187696,1698
3893,171580,10480
3895,204626,10685
3896,202677,1619
3897,181875,786
3900,197384,46119
3901,134630,18074
3902,210717,170767
3903,182508,77332
3905,181836,29015
3906,164212,10562
3908,192731,12212
3909,206420,14629
3910,168629,16
3911,218839,13785
3913,211219,15752
3914,222850,22597
3915,210075,19348
3916,210945,10637
3917,93177,9003
3918,95294,9064
3919,104409,11569
3920,107209,10434
3921,56860,26484
3922,57887,39113
3923,53219,38126
3924,58440,53617
3925,88184,469
3926,55608,2160
3927,60397,2161
3928,40068,3073
3929,32234,911
3930,46876,10973
3932,24184,10787
3933,52969,43109
3934,50610,43230
3936,36261,15855
3937,88024,9507
3938,84695,27475
3939,93996,27764
3940,100639,27767
3941,91990,40760
3942,100663,40446
3943,215545,24664
3945,259974,20455
3946,208988,10461
3947,67128,1485
3948,212338,1597
3949,180093,641
3950,170691,10687
3951,202641,63956
3952,208874,6521
3953,205271,10763
3955,213790,16888
3956,160484,10383
3957,66832,21142
3959,54387,2134
3960,113269,18801
3961,89200,18498
3962,93091,28605
3963,58708,42797
3964,41094,13465
3965,38988,27033
3966,37638,20367
3967,249462,71
3968,230030,1636
3969,223897,10647
3970,82307,19204
3971,81376,13762
3972,111512,12207
3973,229260,11531
3975,219952,10783
3976,192949,47302
3977,160127,4327
3978,146984,4958
3979,185431,9678
3980,203019,11978
3981,199753,8870
3983,203230,14295
3984,66995,681
3985,74452,11372
3986,216216,8452
3987,186894,10862
3988,170016,8871
3989,230591,34045
3990,213203,16340
3991,211181,10481
3992,213847,10867
3993,180073,10876
3994,217869,9741
3996,190332,146
3997,190374,11849
3998,228750,11983
3999,190865,11678
4000,86993,2669
4001,88936,20721
4002,93748,2609
4003,96094,12714
4005,93428,708
4006,92106,1857
4007,94291,10673
4008,96969,2604
4009,96219,10132
4010,88850,11064
4011,208092,107
4012,95927,40820
4014,241303,392
4015,242423,8859
4016,120917,11688
4017,183659,12509
4018,207201,3981
4019,181536,711
4020,219699,2046
4021,247196,5001
4022,162222,8358
4023,218967,5994
4024,200720,25520
4025,212346,1493
4026,223530,25660
4027,190590,134
4029,120202,21991
4030,219653,10577
4031,149624,21355
4033,146309,11973
4034,181865,1900
4035,218378,44853
4036,189998,10873
4037,93223,26719
4039,83564,15739
4040,101757,15413
4041,84434,2623
4042,53580,11209
4043,90670,13715
4045,72735,8043
4046,49233,43258
4047,107007,10655
4048,110115,75490
4051,56600,
4052,218817,9989
4053,238948,18828
4054,206275,9816
4055,194218,20637
4056,237572,5955
4060,104765,66599
4061,102388,17474
4062,95690,11191
4063,105165,2613
4066,95348,17006
4067,108451,26333
4068,186589,16723
4069,209475,2018
4073,178642,18856
4076,162024,83500
4077,216800,47943
4079,92546,5709
4080,92605,11215
4081,92608,26477
4082,92618,10937
4084,92644,96
4085,86960,90
4086,92654,11028
4088,92656,67307
4089,92690,19324
4090,92695,19933
4091,92718,12919
4092,92746,15785
4095,92804,12506
4098,92843,39507
4101,92904,30994
4102,92948,17159
4103,92965,10110
4104,92974,18935
4105,83907,764
4106,92997,20287
4108,93029,71881
4109,93036,15658
4111,93073,28368
4114,93104,48149
4115,93186,26156
4116,93200,34101
4117,93209,32054
4121,93260,2614
4122,93277,40962
4123,93278,12704
4124,93300,580
4126,93407,13703
4128,93437,1547
4130,93476,2608
4131,93477,32058
4132,93493,10019
4133,93507,11649
4135,93560,13509
4136,93562,63639
4139,93638,34379
4140,93648,22915
4141,192111,24940
4142,190524,37302
4143,242998,10984
4144,118694,843
4146,120753,318
4148,212985,9740
4149,239948,10878
4151,216787,10697
4153,231775,16300
4155,230838,1921
4156,177650,44412
4158,166276,23685
4159,233142,12138
4161,236493,6073
4162,250720,39180
4166,251031,19513
4167,179626,2749
4168,192071,10050
4169,212380,17203
4171,236447,95682
4173,220157,49929
4174,99073,2302
4175,116447,32686
4177,81163,6028
4178,31742,51802
4179,82912,42148
4180,91836,29492
4181,96223,25447
4183,100842,38545
4184,39190,19490
4185,65687,31151
4186,60424,1888
4187,57251,38805
4188,44685,16618
4189,59245,2428
4190,53793,22013
4191,60086,15598
4194,37800,56137
4195,66740,17965
4197,79781,33250
4198,80421,14460
4200,101764,9594
4201,77504,35976
4203,102005,2453
4205,100140,4587
4207,100232,12773
4208,127952,125099
4210,91474,11454
4211,100486,38718
4212,77413,4192
4213,97179,11607
4214,88000,14052
4215,93857,16889
4216,100049,39934
4217,118540,26580
4218,91860,21309
4219,89208,16263
4220,71771,4985
4221,102517,20704
4222,87015,23730
4223,215750,853
4224,242445,10877
4225,205873,5257
4226,209144,77
4228,125022,10833
4229,239949,20309
4231,244970,12658
4232,227538,10054
4233,246989,10646
4234,236784,2575
4235,245712,55
4236,206187,65075
4237,247380,44379
4238,164334,2043
4239,221027,4133
4241,266860,10991
4246,243155,634
4247,245686,10956
4248,236348,19366
4251,221073,9519
4252,255094,13898
4254,231402,9290
4255,240515,13166
4262,86250,111
4263,55895,32488
4265,132245,10477
4266,245120,12484
4267,203755,2144
4268,141907,24113
4270,209163,1734
4271,243889,38047
4273,240913,4973
4274,56937,8095
4275,85811,849
4276,89504,27223
4277,16039,2981
4278,25913,39266
4279,98524,31863
4280,84917,11307
4281,62776,46498
4282,64940,11163
4284,60429,18691
4290,101902,25221
4291,80319,19494
4292,79638,40842
4293,90098,19357
4294,45464,33743
4296,66011,9062
4297,93713,11174
4298,48021,934
4299,183790,9476
4300,212826,37691
4302,208911,10613
4304,256408,14268
4305,225071,5852
4306,126029,808
4308,203009,824
4310,213149,676
4312,210727,26813
4316,77716,50541
4317,102343,26255
4318,100395,22414
4319,46719,43329
4321,101587,1406
4322,95082,13554
4324,48248,66035
4326,95647,1632
4327,54047,966
4329,53221,301
4332,94082,12623
4333,94142,11896
4334,244316,25538
4337,60934,5923
4338,41996,15497
4339,59885,21876
4340,255798,11090
4342,212815,21056
4343,251075,9397
4344,244244,9705
4345,254099,26475
4347,234288,29937
4349,65528,10364
4350,116344,32458
4351,102685,1089
4352,98300,38043
4353,86508,9967
4354,105699,17494
4355,92272,17465
4356,45810,759
4357,45891,10297
4359,48605,10653
4360,47574,21468
4361,84805,9576
4366,230011,10865
4367,146316,1995
4368,240462,10808
4369,232500,9799
4370,212720,644
4371,255819,16161
4372,250224,10691
4375,228242,21488
4378,203119,11826
4380,203632,9301
4381,243493,11444
4383,228786,60670
4384,246765,55551
4386,239395,10992
4387,271027,2140
4388,257106,4248
4389,245238,17612
4390,249380,3134
4391,224578,34899
4392,99012,8217
4394,58953,26483
4396,82136,11286
4397,87032,11950
4399,58249,36245
4401,57007,15875
4402,59124,26573
4403,53925,23439
4404,16847,10728
4405,15064,5991
4406,56217,11697
4407,91886,6106
4409,105378,19200
4410,91983,11300
4411,59740,16211
4414,57693,32569
4415,82163,20075
4417,82966,28794
4420,46754,34689
4422,69467,10238
4424,65777,4789
4426,48261,18030
4427,63227,18988
4428,55184,11536
4432,51036,976
4433,49966,69605
4437,76786,11906
4438,68767,11713
4440,67824,12481
4441,77594,13333
4442,89461,13938
4443,82869,10540
4444,68935,9462
4445,163862,82623
4446,173840,2114
4447,250494,8835
4448,227445,11371
4450,242193,9517
4451,273300,25985
4452,227005,15745
4453,245280,24977
4454,188913,36107
4458,109049,13794
4459,130445,13795
4462,94593,38965
4464,94606,31052
4465,94608,10868
4466,94602,9395
4467,96764,14506
4469,94669,4281
4470,94675,2
4471,94678,26044
4473,94712,14911
4474,94715,15592
4475,94716,15267
4477,94744,30502
4478,94746,19382
4479,94747,24679
4480,94761,9599
4482,94799,17170
4483,94824,18509
4486,94884,14441
4487,94889,7520
4488,94894,10126
4489,94898,9602
4490,94910,23752
4491,97125,41952
4492,90887,3980
4493,94919,10127
4495,94921,27397
4496,94933,9748
4498,94963,10651
4499,95031,10141
4500,92929,27362
4501,95088,5680
4502,95107,26386
4503,95119,34053
4506,95174,10675
4508,95243,10130
4509,95253,2617
4511,95304,21362
4515,95360,26723
4516,95409,20443
4518,95488,11347
4519,95489,12144
4520,95519,13704
4521,95532,12505
4522,95599,41963
4523,95638,13482
4524,95654,34014
4526,95687,12120
4527,95736,47818
4528,95774,38617
4529,95801,3543
4531,95963,9604
4532,95990,24929
4533,89907,10925
4534,95993,13965
4535,84296,24266
4537,96018,18197
4538,96029,70842
4539,96030,38909
4541,96071,11503
4543,96098,9717
4544,96101,11966
4545,91949,2605
4546,96163,8740
4550,96203,26798
4552,96251,41428
4553,96256,8337
4555,96289,8463
4557,96316,28176
4558,96320,9493
4559,96380,26603
4560,96425,33172
4561,96426,29095
4562,96454,12582
4563,96486,10001
4564,96794,11352
4565,88708,12500
4566,92548,25678
4567,96804,25682
4568,96913,17882
4569,106393,32049
4570,96926,45225
4571,96928,1648
4572,96933,4105
4573,96943,22711
4577,97027,10142
4578,97044,3064
4584,97236,15142
4585,97235,14550
4587,97257,2210
4589,85475,21721
4590,97276,116014
4591,97289,11828
4592,97314,55699
4593,97328,10551
4600,97458,17190
4602,97481,9085
4603,97500,17819
4605,97531,14776
4606,97567,59585
4608,97579,29185
4610,97613,32059
4612,97635,4486
4614,97659,10222
4615,97714,12774
4616,97722,14621
4617,97731,19118
4618,97737,14372
4619,97758,15138
4621,97778,9494
4622,97790,17362
4623,97815,9942
4624,97858,8216
4625,97883,4296
4626,97889,24739
4627,97892,39197
4628,97965,9686
4629,97967,27418
4630,97987,39002
4632,98051,31606
4634,98073,37146
4636,98141,8867
4638,163025,331
4639,265029,11467
4640,222851,327
4641,162346,1548
4642,248845,13403
4643,133152,869
4644,237539,552
4645,123948,36095
4649,243655,2171
4652,98193,19142
4654,98206,10135
4655,98219,32767
4658,98253,19236
4659,98260,32261
4660,98261,60276
4661,98273,12150
4662,98282,11185
4663,98308,47045
4664,98319,18683
4666,98343,12478
4667,98347,49788
4670,94035,25155
4673,98439,9618
4674,98442,16560
4675,98471,31608
4676,98519,22102
4677,98536,6951
4678,98546,11959
4679,98554,2616
4680,98577,7091
4681,98621,249
4682,98622,11342
4684,98678,32330
4686,108539,8494
4687,56868,26535
4688,101465,41784
4690,87089,2148
4691,87130,42033
4692,87428,11308
4696,83366,19317
4697,83624,27813
4698,119842,57745
4699,218922,2057
4700,247638,9880
4701,266915,5175
4703,94868,41951
4704,56059,11385
4705,77288,4484
4706,80489,11684
4709,64782,20391
4710,75213,12584
4711,108323,70042
4712,64285,1627
4713,80360,11542
4714,80377,17169
4716,80408,33214
4717,80436,19267
4718,252866,2770
4719,181739,12610
4720,230600,1933
4721,244000,13496
4722,250202,21055
4723,250323,24936
4724,221559,80070
4725,261983,10972
4727,238112,1722
4728,250687,9896
4731,251141,125707
4732,258470,9683
4733,256524,2779
4734,261392,2294
4735,228333,10016
4736,234829,26602
4737,221799,37920
4738,208196,22230
4740,206926,13966
4741,203166,742
4743,255653,15104
4744,263488,8922
4745,184791,11065
4748,103596,16314
4749,109015,18885
4750,112255,40508
4751,80907,5922
4752,81114,27346
4753,92147,34223
4754,70917,16307
4755,118178,27681
4756,246544,11370
4757,202470,12508
4761,200427,34714
4763,263957,106230
4765,242587,18734
4766,250809,44321
4767,47795,26661
4768,13086,5998
4769,248912,58062
4770,221218,2176
4771,180734,20857
4772,229340,22617
4774,246464,2185
4775,118589,10696
4776,139654,2034
4782,239986,31016
4783,264578,32567
4784,82416,12537
4787,102316,11521
4789,71994,27327
4792,53559,29756
4795,58092,30295
4796,53877,25767
4798,51773,22874
4799,57193,11576
4800,29081,43860
4801,33836,43802
4802,53143,9660
4803,67588,15393
4804,55312,248
4806,59527,25905
4809,86312,12502
4810,76172,66092
4811,79766,10373
4812,91993,13766
4814,260866,12103
4815,252501,11313
4816,196229,9398
4818,245891,45864
4821,206314,10866
4822,273799,34549
4823,240890,9778
4826,80437,16121
4830,80474,1623
4831,80492,40932
4832,80500,32027
4833,80516,13550
4834,80520,13612
4835,80549,16769
4836,80556,42158
4837,80569,27958
4840,80610,1716
4842,80641,20681
4844,219965,3172
4846,108148,12780
4848,166924,1018
4849,206963,25641
4851,245501,102933
4854,61489,26299
4855,66999,984
4857,67093,14811
4859,95428,77670
4861,119682,15560
4862,102555,9585
4863,72979,14267
4865,120681,768
4866,272020,2100
4867,200027,11091
4873,243017,9081
4874,272152,167
4875,279286,34043
4876,245674,9378
4878,246578,141
4880,264796,11457
4881,243133,10778
4885,249478,11456
4886,198781,585
4887,267804,10796
4888,275719,23949
4889,252503,11088
4890,256380,9889
4893,80130,45964
4895,290332,13408
4896,241527,671
4897,245115,17731
4898,234354,20794
4899,265087,11469
4901,266987,1535
4902,256009,1433
4903,247425,1999
4911,76221,11834
4912,62994,16085
4914,53472,269
4915,83630,16441
4920,35140,32847
4921,24264,39938
4923,35957,43510
4925,77321,14584
4927,76299,72277
4928,75824,5781
4929,84809,23805
4930,60437,34388
4932,80661,11033
4933,80671,69716
4936,80716,3537
4941,80745,3604
4945,74483,10649
4947,76070,17689
4948,51755,34084
4949,89348,15983
4951,100054,10847
4952,89622,33525
4954,54135,299
4956,81568,42160
4957,86383,10650
4958,159273,8007
4960,160403,81442
4961,282856,50562
4963,240772,161
4964,233841,43774
4965,270259,31064
4967,283509,8342
4968,261066,55479
4969,37515,4886
4970,20697,228
4971,87747,23111
4972,66195,42597
4973,211915,194
4974,277371,11397
4975,259711,1903
4976,280778,11889
4977,283431,28171
4978,259393,9523
4979,265666,9428
4980,101452,1649
4981,90852,11938
4984,60714,42724
4987,86346,26978
4988,94318,19209
4989,278488,8386
4990,268397,12589
4992,35423,11232
4993,120737,120
4994,268995,11086
4995,268978,453
4996,228687,18939
4998,51525,11414
4999,27532,31507
5000,64652,42612
5001,36323,18783
5002,68612,12593
5003,71913,14683
5004,63415,10794
5008,51201,37257
5009,248667,8489
5010,265086,855
5012,86619,10269
5013,280707,5279
5014,277027,10950
5015,285742,1365
5016,120824,6440
5017,45555,14580
5018,104922,49410
5021,74937,6037
5022,57490,42987
5023,105789,61418
5025,273923,11857
5026,237534,6312
5027,99044,11595
5028,269746,24166
5033,100530,10170
5034,103129,18317
5038,83951,27273
5039,82288,848
5040,87078,9610
5041,85542,15035
5042,80752,16127
5043,80754,31603
5046,160399,4965
5047,240468,11891
5048,281373,11888
5049,83511,150
5051,243862,112
5053,109288,20678
5054,85271,15050
5055,106770,10423
5056,71691,11710
5057,57071,17691
5059,145046,57976
5060,66026,651
5061,87751,31955
5062,60955,20620
5063,55257,18647
5064,245844,11362
5065,265349,2637
5066,281358,10229
5069,270933,68149
5071,220627,35650
5072,293416,9606
5073,208990,11447
5074,250081,16550
5075,219405,13915
5076,106223,34723
5079,47688,43340
5080,240900,20009
5081,188453,2084
5083,295552,74692
5085,46828,51044
5087,78122,4267
5088,72353,4031
5092,265298,11870
5093,233469,9884
5094,246894,11535
5095,265713,27593
5096,109190,11212
5097,24914,29887
5098,27527,32484
5099,28988,28345
5101,86194,21921
5102,107985,21845
5103,108037,11528
5105,69995,931
5106,275022,17130
5107,251114,10592
5108,251160,8470
5109,280030,16690
5110,247745,39939
5111,107034,9272
5114,44391,32499
5117,73026,39282
5119,54269,37230
5120,69281,993
5121,75276,11698
5122,67803,41357
5125,81698,14475
5127,259288,10052
5128,238546,11979
5134,291341,9991
5135,265343,480
5137,143861,18984
5139,74174,23479
5141,75718,19050
5142,61781,38442
5146,216651,15999
5147,50986,614
5151,243736,2752
5152,277434,10590
5153,204700,40723
5159,104254,13225
5161,110146,46717
5164,108395,35614
5165,80057,7219
5167,39645,18649
5168,43983,18646
5169,38057,17058
5170,278295,13950
5171,268695,2135
5172,290212,15186
5177,35015,965
5179,80798,10889
5180,80813,16149
5182,80846,25628
5186,80888,22288
5187,80889,32030
5193,80948,15310
5198,81070,14807
5199,81071,14729
5202,81176,39543
5203,81178,39578
5205,81184,30924
5208,81237,18910
5210,81248,24919
5214,76489,24032
5218,268380,425
5219,120804,1576
5220,284490,5851
5222,264761,15647
5223,256259,25110
5224,282864,38880
5225,245574,1391
5226,85154,18172
5227,55774,24248
5229,125209,19797
5230,40679,17804
5231,35262,31805
5232,32993,13861
5233,38032,29021
5234,34116,31812
5236,97106,28213
5237,83169,10627
5238,81420,42750
5241,81480,28124
5242,81485,41034
5243,81499,11563
5244,81506,15119
5246,81529,12705
5247,76729,11006
5248,86325,15120
5250,81562,21629
5254,187738,36586
5255,279781,6020
5256,286162,39541
5258,262432,18292
5264,250305,15028
5265,266452,9275
5266,258000,4547
5267,265662,14635
5269,254686,1791
5271,273048,41756
5275,68309,22784
5276,87100,40814
5277,87222,53426
5278,89167,24585
5279,102103,17990
5282,257756,11560
5283,283111,11452
5285,246134,35944
5288,83590,26851
5289,39204,17487
5291,42876,548
5292,76723,11590
5293,264472,1537
5294,264616,12149
5296,253867,11812
5297,266391,35080
5298,219822,441
5299,259446,8346
5300,50086,14168
5301,72705,32617
5302,72737,31671
5303,99892,2565
5304,38890,307
5305,95989,15482
5307,103035,6393
5308,94137,12154
5309,98966,11630
5312,264935,11892
5313,277296,9334
5315,226935,35694
5316,157583,10491
5319,247586,18079
5323,211443,11470
5324,282687,16643
5325,275309,1282
5329,235737,11468
5333,47892,26030
5334,99204,10164
5335,88931,42048
5337,101701,28117
5339,104466,28384
5341,71746,27094
5342,91647,26725
5343,108311,17168
5344,88256,48482
5346,100934,5203
5348,278823,9689
5349,145487,557
5352,77234,1815
5353,68326,55106
5354,64117,28289
5356,73043,39154
5357,110157,24767
5359,102753,32221
5360,86397,28466
5361,103247,12227
5363,241760,10985
5364,250797,2251
5365,239234,2894
5366,103253,20712
5367,91578,11240
5372,45591,14117
5373,50634,38360
5375,38589,28907
5377,276751,245
5378,121765,1894
5379,247199,4012
5380,278500,9026
5382,77523,15417
5383,52905,11791
5384,51758,28577
5385,77838,13963
5387,278435,1957
5388,278504,320
5389,166813,9023
5391,268690,17734
5395,71532,44800
5398,56406,53229
5400,164184,4614
5401,279493,12277
5404,90570,15677
5410,67756,811
5413,79788,7216
5414,280486,3132
5415,279778,9583
5416,298798,18408
5417,285441,13245
5418,258463,2501
5419,267913,9637
5420,245562,12100
5421,238924,16857
5422,282768,52258
5425,244479,15813
5427,82146,18905
5428,87042,14774
5433,90021,17898
5434,40823,21635
5438,100135,10169
5440,41866,13909
5443,247444,35696
5444,275847,11544
5445,181689,180
5446,252444,9555
5447,286179,57022
5448,314166,17710
5449,280590,2022
5450,258273,50035
5452,107438,11982
5458,308506,21972
5459,120912,608
5460,289408,59387
5462,305396,17043
5463,253556,6278
5464,257044,4147
5466,269499,14651
5470,44744,20324
5471,89798,49370
5473,72976,42254
5475,65234,2721
5477,254455,1364
5478,271367,8869
5479,267626,8665
5480,243585,10996
5481,295178,818
5483,303353,29047
5489,79641,6404
5490,74205,19133
5498,58888,3780
5500,88286,8764
5501,295427,13908
5502,286106,2675
5503,265930,12308
5504,287717,9488
5505,279113,9962
5506,309377,9573
5507,295701,7451
5508,274309,2750
5515,120263,34070
5516,274117,6173
5517,232083,10305
5518,82054,42337
5521,93780,10081
5522,73631,11484
5523,180052,11692
5524,300532,9266
5525,246772,3640
5527,256276,30072
5528,265459,9357
5530,258153,9296
5531,281322,15070
5534,290662,26895
5535,268219,60608
5538,88885,11243
5539,90799,19975
5540,82186,10323
5541,102059,9595
5544,80025,24750
5548,90966,9941
5553,94025,10859
5556,295254,9544
5558,235553,57351
5560,22599,31514
5561,103125,13571
5562,275688,26056
5564,283026,20616
5568,87507,16806
5569,68833,15516
5570,117883,9299
5572,303714,10611
5573,265808,12770
5574,293662,4108
5575,269329,55903
5577,280760,9685
5581,99128,18913
5582,103924,14361
5585,101821,32685
5588,77681,12262
5597,103003,11504
5599,22458,977
5600,80117,233
5601,39111,19049
5602,48281,5506
5603,44829,32961
5604,44876,32568
5605,171685,29698
5607,292542,19460
5608,250258,575
5609,308208,10550
5611,240510,9093
5612,280380,9039
5613,283832,1958
5615,245171,68569
5617,274812,11013
5618,245429,129
5619,326306,54714
5620,256415,11529
5621,290095,10771
5622,330136,38951
5625,179098,31005
5628,281364,2110
5629,298388,15173
5630,289765,9533
5632,280491,4107
5633,246677,10575
5636,271259,9260
5637,101898,21828
5638,58379,1682
5641,95649,41971
5642,79668,33831
5643,95895,24348
5644,35211,19140
5646,98575,37606
5649,51554,11868
5650,86373,12921
5651,58230,19953
5655,82362,74899
5662,120536,15313
5663,276816,12590
5666,292644,1809
5667,283084,13768
5668,283139,10994
5669,310793,1430
5670,328962,19973
5672,313487,12600
5673,272338,8051
5675,291502,12779
5677,267248,15992
5678,227984,1613
5679,298130,565
5680,298744,14112
5682,252480,15192
5684,145937,21925
5685,296166,30309
5686,318034,16646
5689,101453,12647
5690,95327,12477
5691,107254,10285
5693,76666,11009
5694,86361,10805
5696,81696,17496
5699,80031,5917
5700,81693,31278
5703,81751,33076
5705,81777,15668
5707,81974,19429
5710,82045,11340
5712,82085,11644
5715,82118,24124
5718,82138,53922
5723,82200,26560
5729,82329,19114
5732,82351,10863
5734,85518,15900
5735,77533,12237
5736,121261,15901
5737,121262,15902
5742,82382,85058
5745,82405,25113
5746,82431,28893
5747,82432,11646
5752,82477,21764
5754,82497,42149
5765,82679,41394
5768,82763,16471
5772,82783,25468
5773,82801,19507
5777,82894,17450
5778,82748,47886
5779,82910,31646
5780,82926,14269
5782,82949,1672
5784,288477,9645
5785,322802,9012
5787,270707,13440
5788,286261,12454
5791,120679,1360
5792,299117,13441
5795,47880,48155
5796,61452,12208
5799,53804,1941
5801,60921,31918
5803,297181,8427
5808,210382,13526
5809,280665,9280
5810,298203,65
5812,297884,10712
5815,297162,10167
5816,295297,672
5818,313196,542
5819,308411,36584
5820,314725,30192
5825,36112,25037
5826,42895,11617
5828,118735,81530
5829,263734,34341
5830,55207,18993
5832,283644,29229
5833,280609,11880
5834,77549,63435
5836,51745,1377
5839,99669,12716
5840,99266,12717
5841,102782,13888
5843,103112,10750
5846,82969,96966
5847,82970,25566
5850,83000,43089
5853,81455,9538
5854,83064,14664
5857,83099,84735
5859,83111,12528
5864,83170,26325
5866,83189,31921
5867,83190,11524
5868,83193,109264
5869,83232,32077
5872,246460,36669
5873,283530,17187
5874,293815,10426
5875,295238,32625
5876,258068,8198
5878,287467,64
5879,271263,13376
5880,283160,15074
5881,307479,2103
5882,133240,9016
5883,283632,16028
5888,118767,20992
5891,77713,25239
5893,110308,25284
5899,58777,14433
5900,289848,9932
5901,262396,13369
5902,268126,2757
5903,238380,7299
5909,290329,4241
5910,83260,37335
5913,83276,35343
5914,83281,30142
5915,83284,17360
5917,83365,76397
5918,83542,40952
5923,83598,41760
5926,83641,45840
5927,83642,16363
5932,83702,42124
5933,83717,25297
5936,83745,67772
5938,83806,17590
5940,83869,28940
5941,303933,13497
5942,302640,11852
5943,252076,7303
5944,253754,201
5945,257360,2755
5947,298856,21868
5949,220580,10856
5952,167261,121
5954,307901,1429
5955,168786,13435
5956,217505,3131
5957,313737,2642
5958,282120,14317
5959,272207,11022
5960,99091,24249
5961,99160,9491
5962,106453,2149
5963,54743,20139
5965,75968,19067
5966,49414,53712
5968,100143,14931
5969,110613,11317
5970,102492,4032
5971,96283,8392
5980,71222,16938
5981,55894,21143
5984,73115,4561
5985,249371,4435
5986,68575,16993
5989,264464,640
5991,299658,1574
5992,274558,590
5993,290210,13560
5994,309912,29339
5995,253474,423
6000,80503,28679
6001,85794,262
6003,290538,4912
6005,330069,23626
6006,305711,12090
6008,291172,35172
6012,295289,9582
6013,257568,10628
6014,271668,11078
6016,317248,598
6021,75675,11222
6022,103671,13199
6025,106500,15278
6027,101748,14667
6031,52918,34148
6032,79477,20813
6033,102500,53027
6035,29453,26252
6037,84737,19415
6039,88414,5968
6040,282209,10727
6042,311320,9082
6047,39305,20663
6051,70155,7514
6056,265116,44164
6057,326769,12253
6058,309593,9358
6059,292506,1647
6060,280720,9027
6062,308514,21189
6063,303361,10894
6064,49291,28528
6073,55597,43028
6077,83908,4193
6078,83943,10724
6084,84088,37917
6091,84228,8219
6092,84234,27088
6093,84237,10150
6095,84266,16407
6096,84293,41913
6100,84329,8288
6101,84335,15600
6103,84351,124963
6104,84352,11949
6105,84354,42134
6107,84422,42130
6109,84445,41291
6114,84488,37997
6115,84489,27609
6116,84504,25872
6121,84565,42135
6122,84597,21923
6123,84628,1563
6124,84633,17132
6125,84648,59533
6126,84654,2262
6127,84675,52772
6132,84719,30874
6133,84725,30363
6140,84777,29702
6143,84814,9699
6148,84899,47955
6154,301181,26454
6155,251127,9919
6156,300471,6038
6157,287978,9480
6159,299458,13132
6162,302674,1956
6163,291579,12112
6166,106701,12139
6170,78872,17264
6178,59573,33364
6180,100442,31598
6182,57581,22233
6183,53172,4952
6184,74851,991
6185,279331,4911
6186,279111,16072
6187,289992,11615
6188,302886,11635
6195,324080,105024
6197,278731,9613
6198,103670,7015
6201,91374,21867
6203,102303,6524
6204,107563,11244
6207,266971,21801
6211,301978,14633
6212,305669,10678
6213,314353,9567
6214,290673,979
6215,298408,13819
6216,161860,1591
6218,286499,455
6219,269347,10632
6223,283003,12079
6225,55047,36362
6227,50659,18535
6228,35417,23159
6229,67893,27236
6230,69765,42459
6231,47873,43261
6232,60182,15347
6233,106466,44968
6234,75995,37258
6235,99776,8996
6237,47030,17729
6238,99699,12157
6239,52948,11571
6240,102593,71142
6242,178868,2671
6243,218553,9669
6244,96028,45129
6245,65054,42618
6247,66579,66027
6249,285462,9557
6250,285531,6171
6252,264150,11523
6254,28597,14675
6256,74287,57447
6257,61834,42695
6260,46247,29912
6261,105824,28881
6263,264395,10782
6264,298814,9341
6265,325537,9776
6266,286788,10735
6268,316188,25461
6269,334416,51927
6271,70460,1675
6273,42593,17057
6276,40946,40718
6279,281820,6016
6281,183649,1817
6283,275277,11299
6284,337996,17995
6286,311519,7294
6287,305224,9506
6290,251736,2662
6291,300140,12093
6294,245803,11817
6295,323572,24621
6296,310281,13370
6297,311289,8326
6298,328099,13411
6299,301727,11516
6300,236027,10180
6301,67800,994
6302,50177,66918
6303,66769,10514
6305,60390,1714
6306,327920,14308
6308,91396,9930
6314,108442,12661
6315,92214,29355
6316,78504,24961
6318,102411,31633
6322,310910,10743
6323,309698,2832
6327,342275,38868
6329,252684,15098
6331,334405,16636
6332,306841,18736
6333,290334,36658
6335,118926,20689
6337,285861,15394
6338,317303,10708
6339,301414,22016
6341,308878,22958
6342,250067,15850
6344,237993,10989
6345,88915,1816
6348,86999,17464
6349,86998,15259
6350,92067,10515
6355,50631,43232
6356,50468,22201
6357,49314,11424
6358,45963,34857
6365,234215,604
6367,309530,10720
6368,281724,51230
6369,206762,23423
6370,283900,1555
6373,315327,310
6375,304081,30055
6377,266543,12
6378,317740,9654
6379,295700,9902
6380,342172,2260
6383,322259,584
6384,263671,39125
6385,298228,1088
6386,60748,5921
6387,101020,47423
6390,50972,43239
6395,69895,29425
6400,307197,51391
6404,44000,43361
6405,43067,6646
6408,71143,147729
6410,74281,15462
6412,31225,43828
6413,79100,11145
6414,57093,32328
6415,93267,47715
6416,59358,29586
6419,100200,111815
6422,59711,21027
6423,105481,37264
6424,102603,11890
6425,120142,36807
6426,48055,18721
6427,66279,37662
6428,65134,11916
6429,43137,14551
6431,47860,51426
6432,56956,42986
6433,19760,26317
6436,108330,8092
6440,101410,290
6442,103791,2470
6446,54757,30462
6447,60355,1403
6448,59183,10243
6449,53841,42541
6450,50490,37103
6452,51878,40085
6454,100211,2263
6458,60177,19728
6460,57427,3009
6461,54428,6643
6464,119215,14817
6465,76240,41426
6466,102456,41791
6467,39739,49842
6468,105483,41670
6470,65547,38765
6473,91164,36372
6474,117959,30529
6476,102900,2071
6477,36377,43516
6480,62362,32489
6482,329028,10152
6484,329717,11375
6493,318283,17813
6498,67458,35068
6502,289043,170
6503,305357,9471
6506,286635,9581
6509,71141,216
6513,31602,18569
6514,56415,113739
6515,29808,52758
6516,48947,38171
6518,99587,18886
6521,79510,42176
6522,58324,39231
6525,93660,40634
6527,45125,33454
6528,66402,19753
6530,74811,11482
6531,107146,70912
6533,69495,6949
6534,286716,1927
6535,333780,10327
6536,165982,14411
6537,181852,296
6538,324133,302
6539,325980,22
6541,311429,8698
6547,322659,32235
6548,172156,8961
6550,274166,9486
6552,301199,3472
6559,110364,20726
6561,53084,12649
6562,57523,44916
6564,325703,1996
6565,329575,4464
6566,338459,12279
6568,342167,33339
6571,319769,54580
6579,55256,430
6582,89901,10553
6584,61177,21449
6585,70915,4984
6586,328828,8273
6587,299930,8046
6591,318411,8094
6592,314630,26195
6593,322330,10330
6595,257076,9257
6596,306734,9499
6598,308508,15292
6599,54599,12491
6600,107492,41660
6602,94793,27814
6603,39335,41206
6609,58715,24192
6611,45274,833
6612,103888,26755
6613,69946,42470
6615,329101,6466
6617,316356,2055
6618,286112,11770
6620,305206,2771
6624,313911,10923
6628,87425,21989
6629,45888,18573
6630,51776,37451
6636,90103,8992
6638,86525,19053
6639,62467,11206
6641,216625,30970
6643,46438,18148
6644,91830,54898
6645,66434,636
6646,62430,3055
6650,41546,11898
6658,78721,9051
6659,100814,9362
6662,57413,936
6663,75066,12268
6664,88944,10999
6665,79073,33521
6666,68361,4593
6669,44741,3782
6671,99040,2891
6676,104504,26246
6678,99731,20815
6679,308808,19433
6683,116308,513
6684,67445,6619
6686,288045,10610
6690,284491,38874
6695,301470,11351
6703,304711,9616
6706,260414,31094
6707,303816,11547
6708,325805,7270
6709,285823,1428
6710,246592,17906
6711,335266,153
6713,291350,33320
6718,89222,27590
6721,103285,10617
6722,105839,10618
6723,108592,10619
6724,70510,11293
6725,78239,36759
6728,56632,53650
6730,77369,9584
6731,88993,8408
6732,64418,14030
6735,79826,16323
6739,42209,23325
6743,34928,23033
6744,89730,19064
6748,78908,28942
6751,331468,12767
6753,327137,13156
6754,320691,277
6755,281686,9707
6757,284034,24488
6760,310154,36791
6762,334754,17614
6763,266489,7288
6764,327850,10159
6765,328589,10934
6768,309820,5653
6769,330602,321
6770,314412,20
6771,362511,18113
6772,318202,5168
6773,286244,9662
6774,86541,837
6776,282674,19666
6777,55031,821
6779,78199,37672
6780,103882,1358
6782,97728,11475
6783,31885,776
6785,47472,16563
6786,89424,11703
6787,74119,891
6788,109129,83714
6790,267287,10881
6791,92603,11832
6793,103786,11806
6794,106375,10438
6796,101507,650
6797,101516,10337
6798,74256,8446
6800,90859,9874
6803,87909,29161
6806,251433,49291
6807,85959,4543
6808,65207,11046
6810,102945,7442
6811,110759,14425
6812,100514,6723
6813,59221,13343
6814,87062,16969
6816,94138,13339
6818,91251,25237
6820,210070,9871
6822,106350,71940
6826,63591,20238
6827,110169,33783
6828,88318,163549
6829,104376,47898
6830,45205,19171
6832,102768,11364
6835,82000,39916
6840,67217,32082
6850,104695,12772
6851,104321,47866
6852,61809,18900
6856,35575,3087
6857,107692,14282
6858,56291,11502
6862,313443,2116
6863,332379,1584
6864,380275,28236
6867,340377,2056
6868,335563,4997
6869,340468,8439
6870,327056,322
6872,317676,11059
6873,138524,11775
6874,266697,24
6875,342300,54973
6877,339071,21059
6879,313542,11329
6880,324216,9373
6881,311648,1550
6883,325055,28200
6884,312549,10629
6885,199626,10944
6887,316465,13920
6888,306047,4256
6889,328880,10009
6890,363589,1807
6892,314676,30141
6893,64505,10536
6896,90015,42044
6898,313670,1376
6902,165832,20312
6906,90151,64945
6909,325655,10389
6918,48956,897
6920,65531,11657
6927,308383,10922
6930,368745,51707
6932,323944,13537
6934,242653,605
6935,363510,33222
6936,319343,10719
6940,337961,1836
6942,314331,508
6944,101862,11846
6945,373175,50314
6947,311113,8619
6950,338188,12146
6951,312528,10588
6952,348836,4970
6953,315733,470
6954,338135,11042
6957,307987,10147
6958,338094,10756
6959,300556,9562
6961,104237,11012
6963,293088,30068
6964,88987,40913
6966,99365,9556
6970,50307,24203
6971,101829,9065
6974,99615,10168
6975,119167,10234
6977,102526,10952
6978,102943,14022
6979,86567,860
6981,48452,48035
6982,43686,5000
6983,36969,22744
6985,19254,780
6986,16641,31510
6987,10323,234
6989,85615,8289
6990,79240,11583
6991,87365,11002
6992,109951,6472
6993,91167,5143
6995,65832,5227
6996,102034,8010
6997,104427,10410
6999,104452,10407
7000,102070,9292
7001,77745,11850
7002,100151,48745
7003,102181,2297
7004,99938,951
7005,102216,10804
7007,102266,9319
7008,70849,1643
7009,104756,2007
7010,101316,10995
7011,91495,8047
7012,100201,2612
7013,48424,3112
7016,93692,1825
7017,105104,10538
7018,100404,11092
7020,102721,14904
7022,266308,3176
7023,107156,9261
7024,73650,5336
7025,102443,23908
7026,94072,14671
7027,90022,11509
7028,100449,10729
7029,76590,29437
7034,150662,11634
7036,90142,11824
7038,210358,20067
7040,90180,9846
7042,90563,11986
7043,56663,1626
7044,100935,483
7045,100944,10166
7046,94332,6069
7048,119807,11676
7050,27630,28292
7051,59903,3681
7055,28333,20325
7056,22286,17687
7058,39566,41465
7059,37120,17641
7060,70239,12545
7061,31210,27972
7062,55798,898
7063,68182,2000
7064,38348,648
7065,4972,618
7067,59229,19120
7068,54632,4024
7069,67372,11316
7070,40724,3089
7071,72417,29845
7072,31971,995
7073,58586,1594
7074,15163,32318
7075,49096,11839
7076,62765,916
7078,30287,1976
7079,31455,31685
7080,24034,3062
7081,24166,34456
7082,56575,12708
7083,90110,42045
7084,69097,11610
7085,58571,4939
7086,30637,25016
7087,87892,15927
7088,53146,40423
7089,71129,7857
7090,299977,79
7091,23027,13912
7093,71524,987
7095,76327,37749
7096,307385,30140
7099,87544,81
7101,101745,11821
7102,92925,10023
7104,78723,11519
7107,77578,15659
7108,108656,18857
7110,140384,27425
7111,66319,38953
7115,73582,20126
7116,46911,827
7117,107387,11811
7121,41090,25431
7122,60908,17685
7123,102511,2742
7125,156096,51145
7126,74749,32040
7130,59084,24134
7131,53320,18904
7132,26778,37719
7135,54389,1818
7136,62695,255
7137,318374,10744
7139,298845,10511
7142,322589,10028
7143,325710,616
7147,319061,587
7149,337741,6964
7150,338466,1792
7151,335119,3635
7152,340376,41488
7153,167260,122
7154,304415,11820
7155,337909,8696
7156,317910,12698
7158,315983,11093
7160,340855,504
7161,349205,11007
7162,159365,2289
7163,338337,9620
7164,316396,10601
7165,335013,52036
7171,364930,37088
7172,346094,31026
7173,343135,5966
7177,368913,14757
7178,71577,11034
7179,104181,25095
7180,53133,26983
7182,60636,52867
7186,101625,27465
7189,109376,31395
7190,65911,131313
7192,107750,15797
7193,98987,9548
7195,43503,26712
7196,42727,1882
7198,93737,17258
7199,323633,34681
7204,61758,33642
7206,50706,427
7207,54469,43049
7208,33553,3022
7209,46487,778
7210,38762,3088
7211,43915,23152
7212,41498,23567
7215,37382,22584
7216,33717,27725
7217,39302,16227
7219,33149,16933
7222,28346,37833
7223,42369,18995
7228,104009,14239
7234,47528,405
7235,296042,9696
7236,72730,4917
7238,52080,5055
7243,6864,3059
7245,54393,28586
7247,62803,11708
7248,290879,27329
7250,66193,20444
7254,289879,1954
7255,335559,13476
7256,379557,11194
7257,315824,12634
7258,314498,13505
7260,345551,15708
7263,349825,14292
7265,309987,1278
7266,307109,18841
7272,69332,21968
7282,245943,76176
7283,88213,18446
7285,328538,11023
7293,343660,1824
7294,361925,16784
7299,329388,337
7300,67927,11951
7302,15400,28963
7303,52738,2576
7305,90738,19345
7307,89153,12775
7308,89421,9838
7309,16654,50075
7311,31385,42852
7312,60420,40454
7315,312329,8842
7316,361467,11132
7317,356150,9352
7318,335345,615
7319,331953,11217
7320,338096,10677
7323,301357,338
7324,317648,2023
7325,335438,9384
7327,60827,797
7334,74554,1723
7335,46187,25955
7340,89393,24548
7343,210389,37044
7346,265208,10591
7347,363988,1586
7348,360009,11169
7349,317842,49689
7352,329767,156
7354,107473,10433
7355,118172,47168
7357,50839,43236
7358,318049,142168
7360,363547,924
7361,338013,38
7362,364045,11081
7366,300051,9541
7367,335245,5516
7369,331632,11024
7371,276919,553
7372,277941,10544
7373,167190,1487
7374,299172,13700
7375,337697,11137
7376,351977,11358
7379,318974,10733
7380,327679,14442
7381,327247,2122
7382,326977,25300
7386,49833,6844
7387,77402,923
7394,59797,10338
7395,42327,33839
7396,70644,133919
7407,41098,20278
7411,93582,4365
7415,76301,42228
7419,88680,10843
7437,345074,15673
7438,378194,393
7439,330793,7220
7444,337563,10096
7445,328107,9509
7448,326856,10710
7449,335121,11058
7450,323033,11141
7451,377092,10625
7453,363282,11025
7454,338526,7131
7456,296915,30125
7458,332452,652
7459,293007,8440
7460,379217,883
7478,94089,42015
7481,89092,11864
7482,70034,9461
7484,65780,132
7487,99762,17993
7492,77914,26517
7493,51077,28285
7502,185906,191903
7505,108906,22137
7541,214388,10035
7560,58083,502
7564,58279,30959
7566,88650,20561
7569,62512,667
7570,86034,700
7571,45564,21594
7572,243664,26976
7573,86006,36670
7574,113725,18872
7577,73822,44864
7579,32943,43818
7583,34890,43525
7584,35567,20640
7585,48673,50363
7586,76734,633
7587,62229,5511
7613,103251,41003
7614,48445,13936
7615,89015,294
7616,86984,11507
7619,56241,1162
7620,102467,34328
7624,105327,14684
7625,138467,58467
7627,119434,163869
7636,105217,13937
7649,120711,10940
7650,63285,31965
7669,112130,164721
7697,50861,24012
7698,78966,988
7700,46268,204
7701,100050,9356
7702,37536,32430
7705,45012,33575
7706,20640,13913
7708,61391,18209
7713,34587,25508
7714,61439,18978
7720,73012,12310
7728,38854,25736
7738,155713,44807
7743,89114,9872
7748,59592,2786
7753,207805,26133
7757,57197,11533
7759,86022,1394
7762,80297,140207
7764,79082,13553
7766,50613,3777
7767,346336,11659
7771,57831,10604
7773,288439,16876
7774,64708,37437
7782,108171,9545
7786,187859,28030
7787,48729,16514
7789,328802,1926
7790,80461,31112
7791,99850,11060
7792,71970,17365
7802,80120,11474
7809,162625,49320
7810,146455,10916
7811,146247,10921
7812,121804,10941
7815,92117,24798
7817,70948,4923
7818,54279,36741
7820,53976,11656
7822,46085,25009
7826,39808,40092
7827,284978,10133
7831,31047,14589
7832,37365,14594
7833,34172,14590
7834,27260,14588
7835,39853,14595
7836,66580,9459
7840,31398,24965
7841,287839,192936
7842,142032,876
7843,258760,1583
7844,106936,17653
7845,114720,11069
7846,259685,10829
7872,97424,86959
7878,94048,9698
7881,23694,26860
7882,60841,29049
7883,36027,27130
7888,61791,22682
7889,70518,11577
7892,73756,40810
7894,67140,336
7895,71249,11942
7897,65446,23330
7899,72913,49636
7914,17668,222
7915,170544,10686
7916,52847,43096
7919,40979,25858
7920,75936,14262
7921,72869,38701
7922,68341,33357
7924,41699,30368
7925,51808,1059
7926,57565,12493
7932,235327,14273
7934,86637,11030
7935,74147,29454
7936,63611,26372
7938,57358,29455
7939,55499,11602
7941,48641,11700
7942,46345,47735
7943,38669,14638
7944,58404,14703
7946,62185,3547
7947,88322,41089
7948,80140,42179
7951,100260,20481
7958,65481,31581
7959,62395,22694
7976,209077,7090
7979,64689,42632
7980,75784,5902
7981,338564,10775
7982,365376,4552
7983,87003,12762
7984,91083,14510
7987,92906,24341
7990,79813,26326
7991,72856,13282
7995,61189,42725
8003,38343,24111
8008,46807,18283
8009,51911,33731
8010,105159,13823
8011,343168,14108
8012,199683,4291
8014,374546,113
8015,64806,28476
8016,68638,5916
8019,308379,12205
8033,60522,3001
8039,65051,11574
8042,70379,203
8044,23042,29740
8056,60490,26268
8057,56541,33632
8070,304126,316
8093,192657,10355
8094,47849,14554
8117,180748,250
8121,366532,41277
