userId,placeId,rating
1,1,2.5
1,2,3
1,3,3
1,4,2
1,5,4
1,6,2
1,7,2
1,8,2
1,9,3.5
1,10,2
1,11,2.5
1,12,1
1,13,4
1,14,4
1,15,3
1,16,2
1,17,2
1,18,2.5
1,19,1
1,20,3
2,21,4
2,22,5
2,23,5
2,24,4
2,25,4
2,26,3
2,27,3
2,28,4
2,29,3
2,30,5
2,31,4
2,32,3
2,34,3
2,35,3
2,36,3
2,37,3
2,38,3
2,39,5
2,40,1
2,41,3
2,42,3
2,43,3
2,44,4
2,45,4
2,46,5
2,47,5
2,48,3
2,49,4
2,50,3
2,52,4
2,53,3
2,54,4
2,55,2
2,57,1
2,58,3
2,59,4
2,60,4
2,61,3
2,62,3
2,63,3
2,64,3
2,65,2
2,66,3
2,68,3
2,69,3
2,70,3
2,71,2
2,72,3
2,73,4
2,74,3
2,76,4
2,77,2
2,78,4
2,79,3
2,80,3
2,81,4
2,82,4
2,83,4
2,84,4
2,85,4
2,86,4
2,87,3
2,88,3
2,89,5
2,92,3
2,93,5
2,94,3
2,95,3
2,96,3
2,97,5
2,98,5
2,99,5
2,100,3
2,101,3
2,102,4
2,103,4
3,104,3
3,105,4
3,107,3.5
3,108,3
3,110,4.5
3,111,5
3,112,2.5
3,113,5
3,114,2.5
3,116,3
3,117,3
3,118,3
3,119,3
3,121,2
3,122,3.5
3,123,4
3,124,3
3,125,5
3,126,3
3,129,4
3,130,3
3,131,4
3,132,3.5
3,135,4.5
3,137,4
3,140,4
3,141,4
3,144,3
3,145,3
3,146,3.5
3,147,3
3,148,3.5
3,149,4
3,150,4
3,151,5
3,152,3
3,153,4
3,154,5
3,155,3
3,156,3.5
3,157,3
3,158,2.5
3,159,3
3,160,3.5
3,161,3
3,162,3.5
3,163,3.5
3,164,4.5
3,165,4.5
3,166,3
3,167,4
4,168,4
4,169,5
4,170,5
4,171,5
4,172,4
4,173,3
4,174,3
4,175,5
4,176,4
4,177,5
4,178,3
4,179,5
4,180,5
4,181,5
4,183,5
4,184,4
4,185,3
4,186,3
4,187,3
4,188,4
4,189,1
4,190,4
4,191,4
4,193,4
4,194,5
4,195,5
4,196,5
4,198,5
4,199,3
4,200,5
4,201,5
4,202,4
4,203,5
4,204,5
4,205,5
4,206,4
4,207,5
4,208,5
4,209,4
4,211,4
4,213,5
4,214,5
4,215,5
4,216,5
4,217,5
4,218,5
4,219,5
4,220,5
4,222,5
4,223,5
4,224,5
4,225,5
4,227,5
4,228,5
4,229,5
4,230,5
4,231,5
4,232,5
4,233,5
4,234,5
4,235,5
4,236,5
4,237,5
4,238,5
4,239,5
4,240,5
4,241,5
4,242,5
4,243,5
4,244,5
4,245,5
4,246,5
4,247,5
4,248,4
4,249,5
4,250,5
4,251,5
4,252,5
4,253,4
4,254,5
4,255,5
4,256,4
4,257,4
4,258,4
4,259,5
4,260,5
4,261,4
4,262,4
4,263,3
4,264,4
4,265,3
4,266,3
4,267,5
4,268,5
4,269,4
4,270,5
4,271,3
4,272,5
4,273,4
4,274,5
4,275,1
4,276,5
4,277,4
4,278,2
4,279,5
4,280,5
4,281,5
4,282,3
4,283,5
4,285,5
4,287,5
4,288,3
4,289,2
4,290,5
4,291,4
4,292,5
4,293,4
4,294,4
4,295,4
4,296,4
4,299,5
4,300,3
4,301,5
4,302,5
4,303,5
4,304,4
4,305,5
4,306,5
4,307,5
4,308,5
4,309,4
4,312,5
4,313,5
4,314,5
4,315,4
4,316,5
4,317,3
4,318,5
4,319,5
4,320,4
4,321,5
4,322,4
4,324,4
4,325,5
4,326,5
4,327,5
4,328,3
4,329,5
4,330,4
4,331,3
4,332,5
4,333,5
4,334,4
4,335,4
4,336,4
4,337,5
4,338,4
4,339,5
4,340,5
4,341,4
4,342,1
4,343,5
4,344,5
4,345,3
4,346,4
4,347,4
4,348,5
4,349,5
4,350,4
4,351,1
4,352,5
4,353,5
4,354,4
4,355,5
4,356,5
4,357,3
4,358,3
4,360,5
4,361,5
4,362,2
4,363,1
4,364,4
4,365,5
4,366,5
4,367,3
4,368,5
4,369,5
4,370,3
4,371,5
4,372,4
4,373,5
4,374,5
4,375,4
4,376,4
4,377,4
4,378,5
4,379,4
4,380,2
4,381,4
4,382,5
4,383,4
4,384,3
4,387,5
4,388,2
5,389,4
5,390,4
5,391,4
5,392,4
5,393,4
5,401,3.5
5,405,4.5
5,407,3.5
5,408,4
5,409,4
5,410,4
5,412,4
5,413,4
5,414,4.5
5,415,4
5,416,3.5
5,417,4
5,418,5
5,419,3.5
5,420,2.5
5,421,3.5
5,422,4
5,423,4
5,424,5
5,425,3
5,426,2.5
5,427,4
5,428,4
5,429,5
5,431,3.5
5,432,4.5
5,433,3.5
5,434,4
5,435,4
5,436,4
5,437,4.5
5,438,4.5
5,439,4
5,440,4
5,441,3.5
5,442,1.5
5,443,5
5,444,4
5,445,4
5,446,3.5
5,447,4
5,448,3.5
5,449,4
5,450,4.5
5,451,4
5,452,3.5
5,453,3.5
5,454,3.5
5,455,3.5
5,456,3.5
5,457,3.5
5,458,4
5,459,3.5
5,460,4.5
5,461,3.5
5,463,4
5,464,4
5,465,3.5
5,466,4.5
5,467,3.5
5,468,3.5
5,469,4.5
5,470,3.5
5,471,3
5,472,4.5
5,473,3.5
5,474,4.5
5,475,4.5
5,476,4
5,477,3.5
5,479,4.5
5,480,3
5,481,4
5,482,3.5
5,483,4
5,484,4
5,485,4
5,486,2.5
5,487,4
5,488,4
5,489,4
5,490,3.5
5,491,4.5
5,492,4
5,493,4.5
5,494,4.5
5,495,3.5
5,496,5
5,497,4
5,498,4.5
5,499,4
5,500,4.5
5,501,4
5,502,4
5,504,4.5
6,505,4
6,506,2
6,507,2
6,508,5
6,509,4
6,510,4
6,511,5
6,512,4.5
6,513,4.5
6,514,4.5
6,515,4.5
6,516,2
6,517,2
6,518,2
6,519,2
6,520,0.5
6,521,3
6,522,3
6,523,4
6,524,4
6,526,4
6,527,3.5
6,528,3
6,529,4
6,531,1
6,532,2
6,533,4
6,534,3
6,535,4.5
6,536,3
6,537,1
6,538,4
6,539,3.5
6,540,1.5
6,541,1.5
6,542,1.5
6,543,5
6,544,3
6,546,5
6,547,4
6,548,3.5
6,549,4
6,550,3
6,551,4.5
7,552,3
7,553,3
7,554,3
7,555,3
7,556,4
7,558,4
7,559,3
7,561,5
7,562,4
7,563,4
7,564,4
7,565,2
7,567,3
7,568,5
7,569,3
7,571,2
7,573,5
7,574,3
7,575,3
7,577,3
7,580,3
7,581,3
7,582,3
7,585,3
7,586,3
7,587,3
7,588,4
7,589,4
7,590,3
7,592,4
7,593,3
7,594,4
7,595,4
7,596,4
7,597,3
7,599,4
7,600,3
7,603,4
7,605,3
7,606,3
7,608,4
7,609,3
7,610,5
7,611,2
7,612,1
7,613,1
7,614,5
7,615,3
7,616,2
7,617,4
7,619,3
7,620,3
7,621,4
7,626,4
7,627,3
7,628,3
7,630,3
7,631,4
7,632,5
7,633,5
7,635,3
7,637,5
7,638,5
7,639,4
7,640,5
7,647,5
7,648,4
7,650,4
7,651,5
7,653,3
7,656,4
7,659,3
7,661,4
7,662,4
7,663,3
7,664,3
7,665,4
7,667,3
7,668,3
7,670,3
7,671,3
7,673,2
7,674,4
7,678,3
7,679,3
7,680,3
7,681,5
7,685,1
8,687,5
8,688,2.5
8,690,5
8,691,5
8,692,4
8,694,3.5
8,695,2
8,696,4
8,697,5
8,698,4
8,700,4.5
8,702,3.5
8,703,2
8,704,5
8,705,5
8,707,4
8,708,4.5
8,709,4
8,710,3.5
8,711,5
8,714,3.5
8,715,4
8,718,4
8,719,4
8,720,4
8,721,4
8,722,4
8,724,4
8,725,3
8,726,4
8,728,4
8,731,3.5
8,733,0.5
8,735,4
8,736,3
8,737,4
8,741,3
8,742,3.5
8,743,5
8,745,4
8,746,4
8,747,3
8,748,5
8,750,3.5
8,753,5
8,754,4
8,755,3
8,756,3
8,757,4.5
8,759,4.5
8,760,4
8,761,5
8,762,3.5
8,764,3.5
8,765,5
8,766,5
8,767,3.5
8,769,4.5
8,775,2.5
8,778,4.5
8,779,3.5
8,780,3.5
8,781,3
8,782,4.5
8,783,5
8,784,4
8,785,4.5
8,786,5
8,787,3.5
8,788,4
8,793,4
8,798,4.5
8,799,3.5
8,800,4.5
8,801,5
8,802,4
8,803,2.5
8,804,3.5
8,805,3.5
8,806,4.5
8,808,4
8,809,3.5
8,810,3.5
8,813,5
8,816,3.5
8,818,4.5
8,820,4
8,824,4
8,828,4
8,829,3
8,830,4
8,831,3.5
8,832,4
8,833,3
8,834,4
8,835,5
8,836,3
8,837,3.5
8,838,4
8,839,4
8,840,4
8,841,2.5
8,842,4.5
8,844,4
8,845,3
8,846,3.5
8,848,4.5
8,849,4.5
8,850,4.5
8,851,3.5
8,852,3.5
8,854,3.5
8,858,2
8,861,3.5
8,864,3
8,865,3
9,866,4
9,867,4
9,869,3
9,870,5
9,872,3
9,875,4
9,876,4
9,879,4
9,880,5
9,881,5
9,882,4
9,885,5
9,886,2
9,888,5
9,889,3
9,891,4
9,892,4
9,893,3
9,896,2
9,897,4
9,898,4
9,899,5
9,900,4
9,901,3
9,902,5
9,903,4
9,904,4
9,905,4
9,906,4
9,907,3
9,908,3
9,909,4
9,910,4
9,911,2
9,912,4
9,913,4
9,914,4
9,915,2
9,916,3
9,917,4
9,918,2
9,919,5
9,920,3
9,921,4
9,922,4
10,923,5
10,924,4
10,926,4
10,927,3
10,928,4
10,929,3
10,930,4
10,931,3
10,932,3
10,933,2
10,934,4
10,935,4
10,936,4
10,937,4
10,938,4
10,939,4
10,940,3
10,941,4
10,942,4
10,943,5
10,944,4
10,945,3
10,946,3
10,947,5
10,948,3
10,949,4
10,950,5
10,951,2
10,952,5
10,953,3
10,954,5
10,955,4
10,956,2
10,957,4
10,960,5
10,961,5
10,962,3
10,963,3
10,964,4
10,965,3
10,966,4
10,968,2
10,969,5
10,970,2
10,971,3
10,972,4
11,973,5
11,976,1
11,980,4
11,981,3
11,982,5
11,984,4.5
11,986,3.5
11,987,5
11,988,4.5
11,990,5
11,991,5
11,992,3
11,994,3.5
11,996,4.5
11,997,3
11,998,3
11,999,3
11,1003,5
11,1004,5
11,1005,5
11,1006,4
11,1007,4.5
11,1008,3.5
11,1009,4.5
11,1010,4
11,1011,4.5
11,1012,3
11,1013,4
11,1014,3.5
11,1015,4
11,1016,4.5
11,1017,4.5
11,1018,4
11,1019,4
11,1020,4
11,1021,4
11,1022,5
11,1023,5
12,1024,3
12,1025,1
12,1026,3
12,1027,2
12,1028,1
12,1029,4
12,1030,3
12,1031,1
12,1032,2
12,1033,3
12,1034,1
12,1035,5
12,1036,5
12,1037,2
12,1040,5
12,1041,1
12,1042,1
12,1043,4
12,1044,2
12,1046,3
12,1047,2
12,1049,2
12,1050,4
12,1051,1
12,1053,2
12,1054,4
12,1055,2
12,1056,1
12,1057,3
12,1059,2
12,1060,4
12,1061,1
12,1063,4
12,1064,4
12,1066,3
12,1067,2
12,1068,2
12,1069,1
12,1073,5
12,1076,3
12,1077,4
12,1078,1
12,1079,3
12,1080,3
12,1081,5
12,1082,2
12,1083,2
12,1084,4
12,1085,2
12,1086,1
12,1087,3
12,1088,5
12,1089,3
12,1090,5
12,1091,2
12,1092,2
12,1093,3
12,1094,5
12,1095,3
12,1096,2
12,1097,4
13,1099,5
13,1100,2.5
13,1101,4
13,1103,4
13,1104,3.5
13,1105,4.5
13,1111,5
13,1112,4.5
13,1113,3
13,1114,3.5
13,1120,4
13,1123,4
13,1124,3
13,1125,4
13,1126,4
13,1127,3.5
13,1128,3
13,1129,4
13,1130,2.5
13,1131,3
13,1132,4
13,1133,4
13,1135,3
13,1136,3.5
13,1137,4
13,1145,3
13,1147,3
13,1148,3
13,1150,3
13,1151,3
13,1152,4
13,1153,3.5
13,1154,3.5
13,1161,3
13,1162,4
13,1163,4.5
13,1164,2.5
13,1165,3.5
13,1167,4.5
13,1168,3.5
13,1169,4.5
13,1171,4
13,1172,4.5
13,1173,4
13,1174,4.5
13,1175,3.5
13,1176,4.5
13,1177,4.5
13,1178,4
13,1179,4
13,1180,4.5
13,1181,4.5
13,1183,3
14,1184,1
14,1185,4
14,1186,3
14,1187,3
14,1188,2
14,1189,3
14,1190,3
14,1191,2
14,1192,3
14,1193,2
14,1194,3
14,1196,2
14,1197,4
14,1198,2
14,1199,5
14,1200,3
14,1201,3
14,1202,4
14,1203,3
14,1204,4
15,1206,2
15,1207,2
15,1208,4.5
15,1209,4
15,1210,3
15,1211,2.5
15,1212,2.5
15,1213,3.5
15,1214,3
15,1215,1
15,1216,4.5
15,1217,2.5
15,1218,3
15,1219,4
15,1220,3
15,1221,1
15,1222,2.5
15,1223,3
15,1224,5
15,1225,5
15,1226,2.5
15,1227,2
15,1228,0.5
15,1230,5
15,1231,3
15,1232,1.5
15,1233,4
15,1234,1
15,1235,2
15,1236,3
15,1237,5
15,1238,2.5
15,1240,4
15,1241,3.5
15,1242,3.5
15,1243,5
15,1244,3
15,1245,1
15,1246,2
15,1247,0.5
15,1248,3
15,1249,4
15,1250,2
15,1251,4
15,1252,3
15,1253,2.5
15,1254,1
15,1255,4
15,1256,4
15,1257,3
15,1258,2
15,1259,1
15,1260,2
15,1261,1.5
15,1262,1.5
15,1263,2
15,1264,4.5
15,1265,1
15,1266,4
15,1267,1
15,1268,1
15,1269,3.5
15,1270,4
15,1271,4
15,1272,4
15,1273,3.5
15,1274,5
15,1275,2
15,1276,2
15,1277,2
15,1278,5
15,1279,1
15,1280,2
15,1281,1
15,1282,5
15,1283,5
15,1284,4
15,1285,5
15,1286,4
15,1287,4
15,1288,3
15,1289,1
15,1290,2
15,1291,2.5
15,1292,1.5
15,1293,2
15,1295,2.5
15,1296,3
15,1297,2
15,1298,3
15,1299,3
15,1300,0.5
15,1301,1
15,1302,3.5
15,1303,4
15,1304,2
15,1305,3.5
15,1306,2
15,1307,3
15,1310,3.5
15,1311,4
15,1312,4
15,1317,3.5
15,1320,1
15,1321,4
15,1322,3
15,1323,1
15,1324,2.5
15,1325,4
15,1326,1
15,1327,3
15,1328,5
15,1329,2.5
15,1330,3
15,1331,3
15,1332,3
15,1333,3
15,1334,1
15,1335,0.5
15,1336,4
15,1337,3
15,1339,1.5
15,1340,2
15,1341,3.5
15,1342,2.5
15,1343,4
15,1344,3
15,1345,2
15,1346,1.5
15,1347,5
15,1348,3
15,1349,5
15,1350,2
15,1351,4
15,1352,3.5
15,1353,3
15,1354,3
15,1355,2
15,1356,1
15,1357,0.5
15,1358,4
15,1359,3
15,1361,4
15,1363,5
15,1365,2.5
15,1366,2.5
15,1367,5
15,1369,3
15,1370,2.5
15,1371,1.5
15,1372,4
15,1373,2
15,1374,3
15,1375,3
15,1376,2
15,1377,3
15,1378,3
15,1379,2
15,1380,3.5
15,1381,1
15,1382,3
15,1384,2.5
15,1385,4
15,1387,2
15,1388,4
15,1389,2.5
15,1390,2.5
15,1391,3
15,1392,0.5
15,1393,1.5
15,1394,3
15,1395,5
15,1396,1
15,1397,4.5
15,1398,3.5
15,1399,1
15,1401,2
15,1404,4
15,1405,5
15,1406,4
15,1407,5
15,1408,5
15,1409,5
15,1410,5
15,1411,4
15,1413,2.5
15,1414,4
15,1415,5
15,1416,4
15,1417,1.5
15,1419,1
15,1420,3
15,1422,3.5
15,1423,1
15,1425,5
15,1427,5
15,1428,3
15,1429,1
15,1430,3
15,1431,4
15,1432,2
15,1433,2
15,1437,4
15,1438,5
15,1440,2.5
15,1441,1.5
15,1442,4
15,1444,3
15,1445,4
15,1446,3
15,1447,2
15,1449,4
15,1450,2.5
15,1453,2
15,1454,4
15,1455,4
15,1456,4
15,1457,2.5
15,1458,3
15,1459,1
15,1460,4
15,1461,2.5
15,1463,2.5
15,1464,3.5
15,1465,3
15,1466,4
15,1468,3
15,1472,4
15,1473,3
15,1474,4
15,1475,2
15,1476,4.5
15,1479,3.5
15,1480,5
15,1482,5
15,1483,1
15,1484,4
15,1485,1
15,1487,4
15,1488,3.5
15,1489,4
15,1490,2
15,1493,5
15,1495,3
15,1497,5
15,1498,4.5
15,1499,5
15,1500,1.5
15,1501,3
15,1502,3
15,1503,4
15,1504,1.5
15,1507,2
15,1508,4
15,1513,3
15,1515,1
15,1516,5
15,1517,4
15,1518,4
15,1523,4
15,1525,4
15,1526,3
15,1527,4
15,1529,3
15,1531,4
15,1532,3.5
15,1535,3
15,1537,2
15,1539,5
15,1541,1
15,1542,5
15,1543,3
15,1544,3
15,1545,4
15,1546,3
15,1549,5
15,1550,3.5
15,1552,4
15,1554,3
15,1555,3
15,1556,1.5
15,1562,4
15,1563,3
15,1564,4
15,1566,4
15,1569,5
15,1570,5
15,1571,3.5
15,1572,2.5
15,1573,3
15,1575,1
15,1580,3
15,1581,3
15,1582,2
15,1583,4
15,1584,4
15,1586,3
15,1587,4
15,1588,4
15,1589,4
15,1590,3
15,1591,2
15,1592,3
15,1593,5
15,1594,3
15,1595,2
15,1596,2
15,1597,2
15,1598,2
15,1599,2
15,1600,1
15,1601,3.5
15,1602,3
15,1603,3
15,1604,2.5
15,1605,3
15,1606,4
15,1608,0.5
15,1609,3.5
15,1610,4
15,1611,4
15,1612,3
15,1613,5
15,1614,4
15,1615,4
15,1616,4
15,1617,3
15,1619,1.5
15,1620,3
15,1621,3
15,1623,3
15,1624,3
15,1625,1.5
15,1626,1
15,1627,2
15,1629,3
15,1631,1
15,1632,3
15,1633,1
15,1635,4
15,1636,1.5
15,1639,2.5
15,1640,1.5
15,1641,3.5
15,1642,4
15,1643,4
15,1644,4
15,1645,2
15,1646,2
15,1647,1
15,1648,3
15,1649,3
15,1652,3
15,1653,5
15,1654,4
15,1655,4
15,1657,4
15,1658,1.5
15,1660,3
15,1661,2
15,1663,3
15,1665,3
15,1667,3
15,1668,4
15,1669,3
15,1670,2
15,1671,4.5
15,1672,1
15,1673,3
15,1674,4
15,1676,4
15,1678,4
15,1680,1.5
15,1681,3.5
15,1682,1
15,1683,3.5
15,1684,0.5
15,1686,3.5
15,1687,4
15,1688,3.5
15,1689,1
15,1690,3.5
15,1692,2
15,1693,1
15,1694,3
15,1696,3
15,1699,3
15,1701,1.5
15,1702,2.5
15,1703,2.5
15,1704,4
15,1707,2
15,1711,3.5
15,1713,2
15,1715,4
15,1717,5
15,1719,4
15,1721,2
15,1722,2
15,1726,1.5
15,1727,4
15,1728,3
15,1729,2.5
15,1730,1.5
15,1731,3.5
15,1732,2
15,1733,5
15,1734,3.5
15,1735,2
15,1739,4
15,1744,4.5
15,1746,4
15,1747,3
15,1748,3
15,1750,3
15,1752,3
15,1753,4.5
15,1754,4
15,1755,3.5
15,1756,3
15,1757,3
15,1759,4
15,1760,2.5
15,1762,5
15,1767,3
15,1769,3
15,1771,4
15,1772,4
15,1777,3
15,1779,3
15,1783,1
15,1784,2
15,1785,4.5
15,1788,2.5
15,1791,2
15,1792,3
15,1794,2
15,1795,2
15,1796,2.5
15,1797,2
15,1798,4.5
15,1799,3
15,1801,2
15,1804,4
15,1805,4.5
15,1806,4
15,1807,2
15,1809,1
15,1810,3.5
15,1812,3.5
15,1816,3
15,1819,2
15,1821,3
15,1822,3
15,1824,3
15,1826,3
15,1827,4
15,1831,3
15,1833,4
15,1834,3
15,1835,4
15,1836,4.5
15,1837,3.5
15,1839,1
15,1840,2.5
15,1841,2.5
15,1844,2.5
15,1845,0.5
15,1846,3
15,1848,4
15,1852,3
15,1854,2
15,1855,3.5
15,1856,3
15,1858,2
15,1859,3.5
15,1860,4.5
15,1861,3.5
15,1862,2
15,1863,1
15,1864,3
15,1865,3
15,1866,2
15,1870,2
15,1873,1
15,1874,0.5
15,1875,2
15,1876,3
15,1878,2
15,1880,3
15,1881,1
15,1882,3.5
15,1883,3
15,1884,3.5
15,1885,3
15,1886,5
15,1887,2
15,1888,3
15,1889,3.5
15,1891,3
15,1892,4.5
15,1894,1.5
15,1895,3
15,1896,1
15,1897,2
15,1900,2.5
15,1901,3.5
15,1902,1
15,1903,4
15,1904,1
15,1907,3
15,1909,5
15,1910,0.5
15,1911,2
15,1912,2.5
15,1913,1
15,1914,1
15,1916,3
15,1917,0.5
15,1918,5
15,1919,5
15,1920,1
15,1921,3
15,1922,2.5
15,1923,3
15,1924,1
15,1925,1
15,1926,4
15,1927,1.5
15,1928,3
15,1929,3
15,1931,1
15,1932,1
15,1933,3
15,1934,2.5
15,1935,4
15,1936,3
15,1937,2
15,1938,4
15,1939,1
15,1940,1
15,1941,3
15,1942,3
15,1943,3
15,1944,3
15,1945,1
15,1946,1.5
15,1947,3
15,1948,3
15,1949,1
15,1950,1
15,1951,4
15,1952,1
15,1953,4
15,1954,3.5
15,1955,1.5
15,1956,2
15,1957,1
15,1958,2.5
15,1959,3
15,1960,1
15,1961,2
15,1962,1
15,1963,1
15,1964,2
15,1965,4
15,1966,4
15,1967,3.5
15,1968,4
15,1969,1.5
15,1970,3
15,1971,1
15,1972,2
15,1973,4
15,1974,4
15,1975,1
15,1976,4
15,1977,4
15,1978,1
15,1979,4
15,1980,1.5
15,1981,4
15,1982,4
15,1983,4
15,1984,5
15,1985,4
15,1986,1
15,1987,5
15,1988,4
15,1989,2
15,1990,4
15,1991,3
15,1992,4
15,1993,3.5
15,1994,4
15,1995,5
15,1996,4
15,1997,1
15,1998,1
15,1999,5
15,2000,2.5
15,2001,2
15,2002,4
15,2003,3
15,2004,3
15,2005,4
15,2006,4
15,2007,4
15,2008,3
15,2009,3
15,2010,4
15,2011,3
15,2012,1
15,2013,3
15,2014,5
15,2015,3
15,2016,4
15,2017,4
15,2018,3
15,2019,4
15,2020,2
15,2021,1
15,2022,4
15,2023,3.5
15,2024,1
15,2025,1.5
15,2026,1
15,2027,1
15,2028,3
15,2029,3
15,2031,1
15,2032,3
15,2033,2.5
15,2034,2.5
15,2035,1
15,2036,4
15,2037,2
15,2038,1
15,2039,2
15,2040,2
15,2041,5
15,2042,2
15,2043,1
15,2044,4
15,2045,2
15,2046,3
15,2047,2
15,2048,2
15,2049,4
15,2050,1
15,2051,4
15,2052,5
15,2053,3
15,2054,2
15,2055,1
15,2056,0.5
15,2057,2
15,2058,3
15,2059,4
15,2060,5
15,2062,4
15,2063,3
15,2064,1.5
15,2065,5
15,2066,3
15,2067,5
15,2068,4
15,2069,2.5
15,2070,3
15,2071,3.5
15,2072,3
15,2073,1
15,2074,2
15,2075,4
15,2076,1
15,2077,1.5
15,2078,3
15,2079,2.5
15,2080,2.5
15,2081,3
15,2082,1.5
15,2083,4
15,2084,4.5
15,2085,3
15,2086,5
15,2087,0.5
15,2088,2
15,2089,3
15,2090,4
15,2091,4
15,2092,2
15,2093,3
15,2094,3
15,2095,1
15,2096,1
15,2097,4
15,2098,1.5
15,2099,2
15,2100,2
15,2101,1
15,2102,3
15,2103,3
15,2104,4
15,2105,4
15,2106,3.5
15,2107,2
15,2108,3
15,2109,4
15,2110,2
15,2111,1
15,2112,2
15,2113,3
15,2114,4
15,2115,2
15,2116,3.5
15,2117,3.5
15,2118,2
15,2119,2
15,2120,4
15,2121,5
15,2122,1
15,2123,4
15,2124,5
15,2125,2
15,2126,2.5
15,2128,1
15,2130,2
15,2131,1
15,2132,1
15,2133,1.5
15,2134,2
15,2135,2
15,2136,4
15,2137,2
15,2138,3
15,2139,3
15,2140,2
15,2141,4
15,2142,2
15,2143,2
15,2144,3
15,2145,2
15,2146,1
15,2147,1
15,2148,2.5
15,2149,3
15,2150,3
15,2151,3
15,2152,2
15,2153,4
15,2154,4
15,2155,1
15,2159,1
15,2160,3
15,2161,3
15,2162,2
15,2163,2
15,2164,5
15,2165,3
15,2166,5
15,2167,5
15,2168,4
15,2169,1
15,2170,1
15,2171,2.5
15,2173,1
15,2174,3
15,2176,1
15,2177,1
15,2178,5
15,2180,4
15,2181,1
15,2182,4
15,2183,1
15,2184,3
15,2186,1
15,2187,1
15,2188,4
15,2189,5
15,2190,1
15,2191,3
15,2193,3.5
15,2194,3
15,2195,3.5
15,2197,2
15,2200,1
15,2201,2
15,2202,5
15,2203,4
15,2204,1
15,2205,2
15,2206,3
15,2207,3
15,2208,3
15,2210,2
15,2212,1
15,2214,3
15,2215,4
15,2219,2
15,2221,4
15,2227,4
15,2231,1
15,2232,3
15,2236,1
15,2237,1
15,2238,5
15,2239,4
15,2240,4
15,2241,1
15,2243,3
15,2244,3
15,2245,4
15,2246,1
15,2247,1
15,2248,2
15,2249,3
15,2250,1
15,2252,3
15,2253,4.5
15,2254,1
15,2255,1
15,2256,5
15,2257,3
15,2259,4
15,2260,3
15,2261,1
15,2262,2
15,2263,1
15,2264,3
15,2265,1.5
15,2266,4
15,2267,2.5
15,2268,5
15,2269,1
15,2271,2
15,2272,3
15,2273,2
15,2275,4
15,2276,1
15,2278,2
15,2279,3
15,2280,5
15,2282,1
15,2283,3
15,2284,1
15,2285,3
15,2286,3
15,2287,2
15,2288,2
15,2289,3
15,2290,1
15,2291,3
15,2292,3
15,2294,4
15,2295,1.5
15,2296,1
15,2297,2
15,2300,2.5
15,2301,4.5
15,2302,3
15,2303,3
15,2304,3
15,2305,4
15,2306,1
15,2307,1
15,2310,3
15,2311,1.5
15,2312,3
15,2313,1
15,2314,2
15,2315,1
15,2316,2
15,2318,4
15,2320,3
15,2321,2
15,2322,3
15,2323,4
15,2324,4
15,2325,2
15,2327,2
15,2328,3.5
15,2329,3
15,2330,4
15,2331,5
15,2333,1
15,2334,3.5
15,2335,1
15,2336,2.5
15,2337,3
15,2338,2.5
15,2339,2
15,2340,2
15,2342,5
15,2344,4
15,2345,1.5
15,2346,5
15,2347,3
15,2348,3
15,2349,1
15,2350,4
15,2351,2
15,2352,5
15,2353,4
15,2354,1
15,2355,4
15,2356,2
15,2357,2
15,2359,1
15,2360,5
15,2361,1.5
15,2362,5
15,2363,1
15,2364,3.5
15,2365,3.5
15,2366,4.5
15,2367,2
15,2368,1
15,2369,2
15,2370,1.5
15,2371,3
15,2372,5
15,2373,1
15,2374,4
15,2375,1.5
15,2376,3
15,2377,1
15,2378,4
15,2379,2
15,2380,0.5
15,2381,1
15,2382,1
15,2383,3
15,2384,2
15,2385,1.5
15,2386,1
15,2387,1
15,2388,4.5
15,2389,0.5
15,2390,3
15,2391,3.5
15,2392,3
15,2393,1.5
15,2394,2.5
15,2395,0.5
15,2396,2.5
15,2397,1
15,2398,3.5
15,2399,3.5
15,2400,3.5
15,2401,1
15,2402,1
15,2403,2.5
15,2404,4
15,2405,3
15,2406,2
15,2407,2.5
15,2408,3
15,2409,2
15,2410,1.5
15,2411,2
15,2412,1
15,2413,1
15,2414,5
15,2415,2
15,2416,1
15,2417,1
15,2418,1
15,2419,0.5
15,2420,5
15,2421,2
15,2422,2
15,2423,4
15,2424,1
15,2425,2
15,2427,1
15,2428,3
15,2429,4
15,2430,1
15,2431,1
15,2432,3
15,2433,2
15,2434,3
15,2435,2.5
15,2436,3.5
15,2437,1.5
15,2438,0.5
15,2439,1.5
15,2440,3
15,2441,4
15,2442,4
15,2443,3.5
15,2445,4
15,2446,2
15,2447,4
15,2448,3
15,2449,1
15,2450,3
15,2451,1
15,2453,5
15,2454,4
15,2455,2
15,2456,1
15,2457,1
15,2458,5
15,2459,1
15,2460,2.5
15,2461,4.5
15,2462,3
15,2463,3
15,2464,2.5
15,2465,1
15,2467,4
15,2468,1.5
15,2469,2
15,2470,3
15,2471,3
15,2472,2
15,2473,0.5
15,2474,0.5
15,2475,1
15,2476,3.5
15,2478,3
15,2479,0.5
15,2481,4
15,2482,1
15,2483,1
15,2485,0.5
15,2486,1.5
15,2487,2.5
15,2488,2.5
15,2490,4
15,2491,3
15,2492,3
15,2493,1
15,2494,2
15,2495,1
15,2496,3
15,2497,3
15,2498,1.5
15,2499,3
15,2500,3.5
15,2501,3.5
15,2502,2.5
15,2504,3.5
15,2505,2.5
15,2506,2
15,2507,2.5
15,2511,3.5
15,2513,1
15,2514,1.5
15,2515,3
15,2516,1
15,2517,1.5
15,2518,4
15,2519,3.5
15,2520,2
15,2521,3.5
15,2522,0.5
15,2523,1
15,2524,2
15,2525,5
15,2526,4
15,2527,2.5
15,2528,2
15,2529,3.5
15,2530,3.5
15,2531,1
15,2532,1
15,2533,1
15,2534,2.5
15,2535,1
15,2536,4.5
15,2537,1.5
15,2539,1
15,2540,3
15,2541,4
15,2542,1
15,2545,2
15,2546,4
15,2548,2.5
15,2549,4
15,2550,2.5
15,2551,3
15,2552,2.5
15,2553,2
15,2554,2.5
15,2555,3.5
15,2557,3.5
15,2558,3.5
15,2559,4.5
15,2560,3
15,2561,3.5
15,2562,3
15,2563,2
15,2565,1.5
15,2566,1.5
15,2567,3
15,2568,1
15,2569,0.5
15,2570,1
15,2571,1
15,2572,3.5
15,2573,1
15,2574,3
15,2575,2
15,2577,0.5
15,2579,1.5
15,2580,3
15,2581,2
15,2582,5
15,2583,1
15,2585,1.5
15,2586,0.5
15,2587,1
15,2589,1.5
15,2590,3.5
15,2594,1.5
15,2596,4
15,2597,1.5
15,2598,3.5
15,2599,3.5
15,2600,2.5
15,2605,3
15,2606,2.5
15,2607,3
15,2609,2
15,2610,4
15,2611,2.5
15,2612,4
15,2613,2.5
15,2615,1.5
15,2616,2.5
15,2617,3
15,2618,1
15,2620,1.5
15,2621,1.5
15,2622,2.5
15,2624,3.5
15,2625,3.5
15,2626,3
15,2627,3
15,2628,4
15,2629,3
15,2630,1
15,2631,2
15,2633,3.5
15,2634,0.5
15,2635,2
15,2636,3
15,2637,2.5
15,2638,1
15,2639,2.5
15,2640,2.5
15,2641,4.5
15,2642,4
15,2643,2.5
15,2644,1
15,2647,4.5
15,2648,2
15,2649,3
15,2650,3.5
15,2651,2
15,2652,2
15,2653,3.5
15,2654,2.5
15,2655,2
15,2656,5
15,2657,4
15,2659,5
15,2660,4.5
15,2661,2
15,2662,2.5
15,2664,2.5
15,2668,4
15,2669,1
15,2670,1
15,2671,4
15,2672,2.5
15,2673,1.5
15,2674,2
15,2676,1.5
15,2677,0.5
15,2678,1.5
15,2681,0.5
15,2682,3.5
15,2683,3.5
15,2686,0.5
15,2687,3.5
15,2688,3.5
15,2689,5
15,2690,3.5
15,2691,4.5
15,2692,0.5
15,2693,1.5
15,2694,1
15,2696,1
15,2697,1
15,2699,1.5
15,2700,0.5
15,2701,3.5
15,2702,3
15,2704,2.5
15,2706,1.5
15,2707,1
15,2708,2
15,2709,2
15,2710,2.5
15,2712,4.5
15,2713,1.5
15,2714,4.5
15,2715,2
15,2716,1.5
15,2717,2.5
15,2718,4.5
15,2719,1
15,2720,2.5
15,2721,2
15,2722,4
15,2723,1
15,2724,2.5
15,2725,1
15,2726,1.5
15,2727,4
15,2728,2.5
15,2729,1
15,2730,2.5
15,2731,0.5
15,2732,4
15,2733,1.5
15,2734,1.5
15,2735,2
15,2736,0.5
15,2738,3
15,2739,0.5
15,2741,1
15,2745,2
15,2746,2
15,2747,3.5
15,2748,3.5
15,2749,1.5
15,2750,2.5
15,2751,0.5
15,2752,1
15,2753,4
15,2754,1.5
15,2755,3
15,2757,4
15,2758,4
15,2759,4
15,2761,2.5
15,2762,2.5
15,2763,3.5
15,2764,3.5
15,2766,4.5
15,2767,1.5
15,2769,5
15,2770,2
15,2771,1.5
15,2772,1.5
15,2774,2
15,2775,1.5
15,2776,3.5
15,2779,3.5
15,2780,1.5
15,2781,2.5
15,2782,3
15,2783,4
15,2784,2
15,2786,1
15,2787,2.5
15,2788,4.5
15,2789,3.5
15,2790,4.5
15,2791,1
15,2792,1
15,2793,3.5
15,2794,2.5
15,2795,2
15,2796,2
15,2797,2.5
15,2798,1
15,2799,2
15,2800,4
15,2801,3
15,2802,1
15,2803,1.5
15,2804,4
15,2805,1.5
15,2806,1
15,2807,1.5
15,2808,4.5
15,2809,1.5
15,2810,4
15,2812,4.5
15,2815,2.5
15,2816,3.5
15,2817,1
15,2819,3.5
15,2820,1.5
15,2822,0.5
15,2824,3
15,2826,4.5
15,2827,1
15,2828,1
15,2829,1
15,2832,3.5
15,2835,4
15,2836,3.5
15,2837,1
15,2839,2
15,2840,1
15,2841,2
15,2843,3.5
15,2844,3.5
15,2845,4.5
15,2846,0.5
15,2847,3.5
15,2848,2
15,2849,3
15,2850,2
15,2851,1
15,2852,1.5
15,2853,4.5
15,2855,0.5
15,2856,3
15,2857,1.5
15,2858,1
15,2859,1.5
15,2860,3
15,2861,0.5
15,2862,1.5
15,2863,1.5
15,2864,3.5
15,2866,1.5
15,2867,4
15,2868,3
15,2869,4
15,2870,3.5
15,2871,2
15,2872,1
15,2874,4.5
15,2875,4
15,2876,3
15,2877,2
15,2878,1
15,2879,2
15,2880,1
15,2881,0.5
15,2882,4.5
15,2883,4
15,2884,3
15,2885,5
15,2886,3.5
15,2887,4.5
15,2888,2.5
15,2889,2.5
15,2890,3.5
15,2891,1.5
15,2892,2.5
15,2893,3
15,2894,2
15,2897,1
15,2898,2
15,2899,2.5
15,2900,1.5
15,2901,1
15,2902,4
15,2903,1
15,2904,3.5
15,2905,0.5
15,2906,4
15,2907,1.5
15,2908,0.5
15,2912,2
15,2913,4
15,2915,3
15,2916,3
15,2917,2.5
15,2918,2.5
15,2919,4
15,2920,1
15,2921,3
15,2922,3
15,2923,2
15,2924,4.5
15,2925,2.5
15,2926,5
15,2927,2.5
15,2928,2.5
15,2929,1.5
15,2930,1
15,2932,0.5
15,2935,1.5
15,2936,1
15,2937,3
15,2938,2
15,2939,4
15,2940,2.5
15,2941,4
15,2942,3
15,2943,3
15,2944,3.5
15,2945,1
15,2946,3
15,2947,2
15,2948,3
15,2949,1
15,2950,3
15,2951,3
15,2952,0.5
15,2953,1
15,2956,3.5
15,2959,1
15,2961,0.5
15,2962,4
15,2964,3
15,2966,2.5
15,2967,2.5
15,2968,1
15,2969,4
15,2970,4
15,2971,1.5
15,2972,1
15,2973,1.5
15,2974,5
15,2975,4
15,2976,2.5
15,2977,3.5
15,2978,0.5
15,2979,4
15,2981,1.5
15,2982,0.5
15,2983,1
15,2984,0.5
15,2985,1
15,2986,4.5
15,2987,2.5
15,2988,2
15,2989,3
15,2990,2.5
15,2991,1
15,2992,3.5
15,2993,1.5
15,2995,4.5
15,2996,0.5
15,2997,1.5
15,2998,3
15,3000,1.5
15,3001,5
15,3002,3
15,3003,1
15,3004,3.5
15,3005,2.5
15,3006,4.5
15,3007,0.5
15,3008,4
15,3010,3.5
15,3011,2.5
15,3013,3
15,3015,1.5
15,3016,1
15,3017,0.5
15,3018,0.5
15,3019,1
15,3020,3
15,3021,2
15,3022,1
15,3024,2.5
15,3025,4.5
15,3028,4
15,3029,3
15,3030,3
15,3031,1.5
15,3032,2.5
15,3033,1
15,3034,1
15,3035,3
15,3036,2
15,3037,2.5
15,3038,3.5
15,3039,1
15,3040,1
15,3041,1
15,3042,4
15,3043,2.5
15,3044,1.5
15,3045,1.5
15,3046,1.5
15,3047,1
15,3048,1
15,3051,1
15,3052,0.5
15,3053,1.5
15,3054,0.5
15,3055,3.5
15,3057,1
15,3060,1.5
15,3061,3
15,3062,2
15,3063,3.5
15,3064,1.5
15,3066,2.5
15,3067,2.5
15,3068,2.5
15,3069,3.5
15,3070,3.5
15,3071,2.5
15,3072,3
15,3074,2.5
15,3075,0.5
15,3076,0.5
15,3077,0.5
15,3078,3
15,3079,1
15,3081,3.5
15,3082,1.5
15,3083,1
15,3086,2.5
15,3087,4
15,3088,2
15,3089,0.5
15,3090,2.5
15,3091,1
15,3093,3
15,3094,4
15,3095,1.5
15,3096,3
15,3097,1
15,3098,3
15,3099,0.5
15,3100,3
15,3101,3.5
15,3102,1
15,3103,1.5
15,3104,2
15,3105,3
15,3106,2.5
15,3107,0.5
15,3108,1
15,3109,2.5
15,3110,5
15,3111,0.5
15,3112,1
15,3113,1
15,3114,1.5
15,3115,3.5
15,3116,1
15,3117,3
15,3118,3
15,3120,3.5
15,3121,4
15,3122,3.5
15,3125,2
15,3127,1
15,3128,3.5
15,3129,2
15,3130,3.5
15,3133,1.5
15,3134,4.5
15,3135,0.5
15,3136,4
15,3138,4.5
15,3140,2
15,3141,0.5
15,3142,0.5
15,3143,1
15,3144,1.5
15,3145,1
15,3146,0.5
15,3147,1
15,3148,3.5
15,3150,1.5
15,3152,2.5
15,3153,3
15,3155,4
15,3156,0.5
15,3157,0.5
15,3158,1
15,3159,2
15,3160,2.5
15,3161,1
15,3163,3.5
15,3165,4
15,3166,4
15,3167,4.5
15,3168,4.5
15,3169,4.5
15,3171,3.5
15,3173,2.5
15,3174,2
15,3175,3.5
15,3176,1.5
15,3177,4.5
15,3178,4
15,3179,1
15,3180,4.5
15,3181,1.5
15,3182,0.5
15,3183,2
15,3185,0.5
15,3186,1
15,3188,1
15,3189,4
15,3190,4
15,3192,3.5
15,3194,5
15,3196,1.5
15,3197,3.5
15,3198,1
15,3199,0.5
15,3200,0.5
15,3201,0.5
15,3202,4.5
15,3203,1
15,3204,4
15,3205,3.5
15,3206,1.5
15,3207,2
15,3208,1.5
15,3210,1.5
15,3211,3
15,3213,3
15,3214,4.5
15,3216,1
15,3217,3.5
15,3218,3
15,3219,3
15,3221,3
15,3223,0.5
15,3224,1
15,3225,3
15,3232,2.5
15,3235,1
15,3238,2.5
15,3239,1.5
15,3240,2
15,3241,0.5
15,3243,2
15,3244,2
15,3245,3
15,3246,0.5
15,3247,3
15,3248,3
15,3249,3
15,3250,3.5
15,3251,4.5
15,3252,4
15,3253,1
15,3254,0.5
15,3255,1
15,3256,3
15,3257,3
15,3258,3
15,3259,1.5
15,3260,3
15,3261,3.5
15,3262,3
15,3263,1
15,3264,2.5
15,3265,3
15,3266,3.5
15,3267,2
15,3268,2.5
15,3269,4
15,3270,4
15,3271,2.5
15,3272,0.5
15,3273,3.5
15,3274,3
15,3275,2.5
15,3276,1
15,3281,3
15,3282,3.5
15,3284,3.5
15,3285,3
15,3286,3.5
15,3287,4
15,3289,0.5
15,3292,2
15,3294,1.5
15,3296,3
15,3298,1
15,3299,0.5
15,3300,3.5
15,3301,1.5
15,3302,2
15,3303,1.5
15,3304,3.5
15,3306,3.5
15,3307,1
15,3308,2
15,3309,1
15,3310,4
15,3313,0.5
15,3314,1
15,3316,2.5
15,3317,1
15,3318,2
15,3320,4
15,3324,0.5
16,3325,4.5
16,3326,4
16,3327,4
16,3328,4
16,3329,4
16,3330,5
16,3331,5
16,3334,3.5
16,3338,4
16,3339,3.5
16,3340,4
16,3341,5
16,3342,3
16,3343,4
16,3344,4
16,3347,3.5
16,3349,4.5
16,3350,4
16,3351,4.5
16,3354,4.5
16,3355,5
16,3357,4
16,3358,4.5
16,3359,3
16,3360,4.5
16,3361,4
16,3362,4.5
16,3363,3.5
16,3364,4
17,3365,4.5
17,3368,4.5
17,3370,4.5
17,3371,4.5
17,3377,4.5
17,3379,5
17,3380,5
17,3384,5
17,3385,4
17,3386,3.5
17,3387,3
17,3388,4
17,3390,5
17,3391,2.5
17,3392,5
17,3393,2
17,3394,3.5
17,3395,2
17,3396,4
17,3397,5
17,3398,3.5
17,3399,5
17,3400,3.5
17,3401,2.5
17,3402,0.5
17,3404,4.5
17,3405,0.5
17,3406,0.5
17,3408,5
17,3409,4
17,3412,5
17,3414,4
17,3415,3
17,3417,4.5
17,3418,3.5
17,3420,4.5
17,3421,4.5
17,3422,2.5
17,3423,4.5
17,3424,5
17,3425,4.5
17,3426,5
17,3427,4.5
17,3428,5
17,3429,3.5
17,3430,4.5
17,3431,5
17,3432,5
17,3434,4.5
17,3435,4.5
17,3436,4.5
17,3437,3.5
17,3438,4.5
17,3439,3.5
17,3440,3.5
17,3441,2.5
17,3442,4
17,3444,2.5
17,3445,5
17,3446,4
17,3447,2
17,3448,3.5
17,3449,5
17,3450,1
17,3451,4.5
17,3452,4.5
17,3453,4.5
17,3454,5
17,3456,3.5
17,3457,5
17,3459,5
17,3460,4
17,3461,4
17,3462,5
17,3463,5
17,3465,5
17,3466,5
17,3467,5
17,3468,3
17,3469,0.5
17,3470,4
17,3471,4
17,3474,5
17,3475,5
17,3476,2.5
17,3477,3.5
17,3478,5
17,3479,2
17,3480,3.5
17,3481,4.5
17,3483,4.5
17,3484,5
17,3487,4.5
17,3489,4.5
17,3490,2
17,3491,5
17,3492,3
17,3494,5
17,3495,5
17,3496,4.5
17,3497,3
17,3498,2.5
17,3499,2.5
17,3500,2.5
17,3501,4.5
17,3502,5
17,3503,4
17,3504,3.5
17,3505,5
17,3506,4.5
17,3507,4.5
17,3508,4
17,3509,0.5
17,3510,2.5
17,3511,4
17,3512,4.5
17,3513,3
17,3515,4.5
17,3516,5
17,3518,5
17,3519,3
17,3520,4
17,3521,5
17,3522,4
17,3524,4
17,3525,3.5
17,3526,4
17,3527,3.5
17,3528,5
17,3529,4.5
17,3531,5
17,3534,3.5
17,3535,4.5
17,3536,4
17,3537,2.5
17,3538,4.5
17,3539,2
17,3540,4.5
17,3543,4.5
17,3544,3.5
17,3545,4.5
17,3546,4
17,3547,3.5
17,3548,4.5
17,3549,4
17,3550,5
17,3551,4
17,3552,1
17,3553,2.5
17,3554,5
17,3555,5
17,3556,5
17,3557,5
17,3559,5
17,3560,3
17,3563,3
17,3564,3.5
17,3565,4
17,3566,3
17,3567,4.5
17,3568,3.5
17,3569,3.5
17,3571,3
17,3572,4.5
17,3573,4.5
17,3574,2
17,3575,4.5
17,3576,3.5
17,3577,4
17,3578,3
17,3579,2.5
17,3580,5
17,3581,5
17,3584,5
17,3587,4
17,3588,5
17,3590,4
17,3591,2.5
17,3593,2
17,3594,4.5
17,3596,4
17,3598,4
17,3599,4
17,3600,2.5
17,3602,5
17,3604,4.5
17,3605,4.5
17,3606,3.5
17,3608,4.5
17,3609,4
17,3611,4
17,3612,5
17,3613,3
17,3614,4
17,3615,4
17,3616,3.5
17,3617,4.5
17,3618,3.5
17,3619,4
17,3620,1
17,3621,4
17,3622,4.5
17,3623,1.5
17,3624,4
17,3626,4.5
17,3627,3
17,3628,5
17,3629,3.5
17,3632,0.5
17,3633,5
17,3634,3.5
17,3635,5
17,3637,5
17,3638,4.5
17,3639,4
17,3640,4.5
17,3643,4.5
17,3646,5
17,3649,4
17,3653,3.5
17,3654,0.5
17,3655,5
17,3656,4
17,3657,4.5
17,3658,4
17,3659,4.5
17,3660,3
17,3661,4
17,3662,5
17,3663,4
17,3664,0.5
17,3665,5
17,3668,2.5
17,3669,5
17,3671,4.5
17,3672,2.5
17,3673,3
17,3674,0.5
17,3675,1.5
17,3676,1.5
17,3677,4
17,3678,3.5
17,3679,4.5
17,3680,4
17,3681,0.5
17,3682,2
17,3683,4.5
17,3684,4
17,3685,4.5
17,3686,4
17,3687,2.5
17,3688,4.5
17,3689,2
17,3690,3
17,3691,4
17,3692,4
17,3693,2
17,3694,3.5
17,3695,4.5
17,3696,4.5
17,3697,5
17,3698,3.5
17,3699,4
17,3700,4.5
17,3701,3
17,3702,4
17,3703,3.5
17,3704,1
17,3705,0.5
17,3706,2
17,3707,2
17,3708,2
17,3709,2
17,3710,0.5
17,3712,4
17,3713,3
17,3714,0.5
17,3715,5
17,3716,4
17,3717,3.5
17,3718,4.5
17,3719,4.5
17,3720,3.5
17,3721,1.5
17,3723,4
17,3724,4
17,3725,4
17,3726,3.5
17,3727,2
17,3728,4.5
17,3729,5
17,3730,3.5
17,3731,3.5
17,3732,5
17,3733,4
17,3734,4
17,3735,2.5
17,3736,4.5
17,3737,2.5
17,3738,4.5
17,3739,4.5
17,3740,3.5
17,3741,4
17,3742,4.5
17,3743,4.5
17,3744,5
17,3745,4.5
17,3746,4.5
17,3747,2
17,3751,4
17,3752,4
17,3753,4.5
17,3754,5
17,3755,4.5
17,3757,1
17,3758,5
17,3759,5
17,3760,4.5
17,3761,5
17,3763,4
17,3764,4
17,3765,5
17,3766,3.5
17,3768,0.5
17,3769,3
17,3770,5
17,3771,3
17,3773,3
17,3774,4.5
17,3775,4
17,3777,3.5
17,3780,3
17,3783,2
17,3784,3.5
17,3785,3
17,3786,2
17,3787,0.5
17,3788,4.5
17,3789,0.5
17,3790,3.5
17,3791,4.5
17,3792,3
17,3793,5
17,3794,3
17,3795,5
17,3798,3.5
17,3799,2.5
17,3800,3.5
17,3801,5
17,3802,3
17,3804,4
17,3805,5
17,3806,3
17,3807,4.5
17,3809,5
17,3810,3
17,3811,4.5
17,3812,5
17,3813,2.5
17,3814,1
17,3816,2
17,3819,3
17,3820,5
18,3821,3
18,3822,4
18,3823,3
18,3824,3
18,3825,2
18,3826,4
18,3827,3
18,3829,5
18,3831,5
18,3832,3
18,3833,3
18,3834,4
18,3835,2
18,3836,3
18,3837,2
18,3838,3
18,3839,4
18,3840,4
18,3841,3
18,3843,3
18,3844,4
18,3845,3
18,3846,4
18,3847,3
18,3848,3
18,3849,3
18,3851,4
18,3852,4
18,3854,3
18,3855,3
18,3857,4
18,3858,3
18,3859,4
18,3860,3
18,3861,4
18,3863,2
18,3864,3
18,3865,3
18,3868,1
18,3869,2
18,3870,3
18,3871,4
18,3872,4
18,3873,3
18,3875,4
18,3877,4
18,3879,3
18,3880,3
18,3882,4
18,3883,3
18,3885,1
19,3886,3
19,3889,3
19,3890,3
19,3891,3
19,3892,3
19,3893,3
19,3895,3
19,3896,3
19,3897,3
19,3900,5
19,3901,5
19,3902,3
19,3903,3
19,3905,1
19,3906,3
19,3908,3
19,3909,3
19,3910,4
19,3911,3
19,3913,3
19,3914,3
19,3915,3
19,3916,3
19,3917,5
19,3918,3
19,3919,4
19,3920,3
19,3921,3
19,3922,3
19,3923,3
19,3924,2
19,3925,4
19,3926,3
19,3927,3
19,3928,3
19,3929,3
19,3930,4
19,3932,3
19,3933,3
19,3934,3
19,3936,5
19,3937,3
19,3938,3
19,3939,3
19,3940,3
19,3941,4
19,3942,3
19,3943,3
19,3945,4
19,3946,4
19,3947,4
19,3948,5
19,3949,3
19,3950,2
19,3951,1
19,3952,4
19,3953,2
19,3955,2
19,3956,3
19,3957,4
19,3959,3
19,3960,3
19,3961,3
19,3962,3
19,3963,3
19,3964,2
19,3965,3
19,3966,4
19,3967,4
19,3968,5
19,3969,3
19,3970,3
19,3971,4
19,3972,4
19,3973,3
19,3975,3
19,3976,4
19,3977,4
19,3978,5
19,3979,1
19,3980,3
19,3981,1
19,3983,3
19,3984,3
19,3985,5
19,3986,4
19,3987,4
19,3988,5
19,3989,3
19,3990,5
19,3991,5
19,3992,5
19,3993,3
19,3994,4
19,3996,5
19,3997,4
19,3998,3
19,3999,3
19,4000,3
19,4001,4
19,4002,3
19,4003,4
19,4005,3
19,4006,3
19,4007,3
19,4008,3
19,4009,4
19,4010,3
19,4011,3
19,4012,3
19,4014,3
19,4015,5
19,4016,5
19,4017,4
19,4018,3
19,4019,3
19,4020,3
19,4021,3
19,4022,3
19,4023,3
19,4024,1
19,4025,4
19,4026,3
19,4027,3
19,4029,3
19,4030,3
19,4031,3
19,4033,3
19,4034,3
19,4035,3
19,4036,3
19,4037,3
19,4039,4
19,4040,4
19,4041,3
19,4042,3
19,4043,3
19,4045,3
19,4046,3
19,4047,3
19,4048,3
19,4051,3
19,4052,4
19,4053,4
19,4054,4
19,4055,5
19,4056,4
19,4060,3
19,4061,3
19,4062,3
19,4063,2
19,4066,4
19,4067,1
19,4068,2
19,4069,1
19,4073,3
19,4076,4
19,4077,3
19,4079,3
19,4080,5
19,4081,3
19,4082,3
19,4084,3
19,4085,4
19,4086,1
19,4088,5
19,4089,2
19,4090,1
19,4091,3
19,4092,3
19,4095,4
19,4098,3
19,4101,5
19,4102,5
19,4103,4
19,4104,3
19,4105,4
19,4106,4
19,4108,3
19,4109,4
19,4111,3
19,4114,3
19,4115,1
19,4116,3
19,4117,3
19,4121,3
19,4122,3
19,4123,4
19,4124,3
19,4126,4
19,4128,5
19,4130,5
19,4131,3
19,4132,4
19,4133,5
19,4135,4
19,4136,3
19,4139,3
19,4140,3
19,4141,3
19,4142,4
19,4143,3
19,4144,4
19,4146,4
19,4148,3
19,4149,3
19,4151,3
19,4153,3
19,4155,3
19,4156,5
19,4158,3
19,4159,3
19,4161,3
19,4162,3
19,4166,3
19,4167,3
19,4168,3
19,4169,3
19,4171,3
19,4173,5
19,4174,2
19,4175,3
19,4177,5
19,4178,3
19,4179,4
19,4180,5
19,4181,4
19,4183,5
19,4184,3
19,4185,5
19,4186,3
19,4187,4
19,4188,5
19,4189,4
19,4190,4
19,4191,5
19,4194,4
19,4195,5
19,4197,4
19,4198,4
19,4200,3
19,4201,3
19,4203,4
19,4205,4
19,4207,5
19,4208,5
19,4210,4
19,4211,4
19,4212,4
19,4213,4
19,4214,5
19,4215,5
19,4216,4
19,4217,3
19,4218,4
19,4219,4
19,4220,4
19,4221,3
19,4222,5
19,4223,4
19,4224,4
19,4225,5
19,4226,3
19,4228,5
19,4229,3
19,4231,4
19,4232,3
19,4233,4
19,4234,3
19,4235,3
19,4236,4
19,4237,4
19,4238,3
19,4239,4
19,4241,4
19,4246,3
19,4247,1
19,4248,3
19,4251,4
19,4252,5
19,4254,5
19,4255,3
19,4262,4
19,4263,4
19,4265,3
19,4266,3
19,4267,3
19,4268,4
19,4270,3
19,4271,4
19,4273,5
19,4274,4
19,4275,3
19,4276,3
19,4277,3
19,4278,4
19,4279,5
19,4280,5
19,4281,3
19,4282,4
19,4284,4
19,4290,5
19,4291,3
19,4292,4
19,4293,4
19,4294,4
19,4296,4
19,4297,4
19,4298,4
19,4299,4
19,4300,5
19,4302,5
19,4304,4
19,4305,5
19,4306,4
19,4308,5
19,4310,4
19,4312,4
19,4316,2
19,4317,5
19,4318,4
19,4319,5
19,4321,5
19,4322,5
19,4324,5
19,4326,5
19,4327,3
19,4329,5
19,4332,4
19,4333,5
19,4334,4
19,4337,4
19,4338,5
19,4339,4
19,4340,5
19,4342,4
19,4343,3
19,4344,3
19,4345,4
19,4347,4
19,4349,4
19,4350,4
19,4351,4
19,4352,5
19,4353,5
19,4354,5
19,4355,3
19,4356,5
19,4357,5
19,4359,4
19,4360,4
19,4361,4
19,4366,4
19,4367,4
19,4368,3
19,4369,4
19,4370,5
19,4371,3
19,4372,3
19,4375,4
19,4378,3
19,4380,4
19,4381,4
19,4383,4
19,4384,4
19,4386,4
19,4387,3
19,4388,4
19,4389,4
19,4390,5
19,4391,3
19,4392,3
19,4394,4
19,4396,4
19,4397,1
19,4399,4
19,4401,3
19,4402,3
19,4403,3
19,4404,3
19,4405,3
19,4406,3
19,4407,3
19,4409,2
19,4410,4
19,4411,3
19,4414,3
19,4415,3
19,4417,3
19,4420,4
19,4422,5
19,4424,4
19,4426,3
19,4427,5
19,4428,3
19,4432,5
19,4433,3
19,4437,4
19,4438,4
19,4440,4
19,4441,2
19,4442,3
19,4443,3
19,4444,4
19,4445,3
19,4446,3
19,4447,2
19,4448,3
19,4450,3
19,4451,1
19,4452,3
19,4453,5
19,4454,1
19,4458,1
19,4459,2
19,4462,3
19,4464,5
19,4465,3
19,4466,3
19,4467,3
19,4469,3
19,4470,3
19,4471,4
20,4473,3.5
20,4474,2.5
20,4475,3.5
20,4477,3.5
20,4478,2
20,4479,3
20,4480,4
20,4482,2.5
20,4483,1
20,4486,1.5
20,4487,0.5
20,4488,3.5
20,4489,4.5
20,4490,1
20,4491,2
20,4492,3.5
20,4493,1
20,4495,4
20,4496,4.5
20,4498,3
20,4499,5
20,4500,3
20,4501,2.5
20,4502,3.5
20,4503,2
20,4506,4
20,4508,0.5
20,4509,4
20,4511,4
20,4515,2
20,4516,4
20,4518,5
20,4519,3.5
20,4520,5
20,4521,4
20,4522,5
20,4523,2
20,4524,3
20,4526,3.5
20,4527,2
20,4528,3
20,4529,1.5
20,4531,4
20,4532,4.5
20,4533,5
20,4534,2
20,4535,4.5
20,4537,4.5
20,4538,4
20,4539,3
20,4541,1
20,4543,4
20,4544,3.5
20,4545,3.5
20,4546,3
20,4550,2.5
20,4552,5
20,4553,5
20,4555,4
20,4557,4
20,4558,3
20,4559,4.5
20,4560,4.5
20,4561,5
20,4562,3.5
20,4563,0.5
20,4564,0.5
20,4565,0.5
20,4566,0.5
20,4567,4.5
20,4568,2
20,4569,2
20,4570,4
20,4571,4
20,4572,3.5
20,4573,4
20,4577,4.5
20,4578,4.5
20,4584,4
20,4585,4
20,4587,4
20,4589,5
20,4590,1
20,4591,4
20,4592,3.5
20,4593,1.5
20,4600,2.5
20,4602,4
20,4603,5
20,4605,4
20,4606,4.5
20,4608,1
20,4610,5
20,4612,4
20,4614,4
20,4615,3.5
20,4616,4
20,4617,5
21,4618,3
21,4619,3
21,4621,4
21,4622,4
21,4623,3
21,4624,3
21,4625,4
21,4626,3
21,4627,4
21,4628,4
21,4629,2
21,4630,3
21,4632,2
21,4634,3
21,4636,3
21,4638,3
21,4639,3
21,4640,3
21,4641,3
21,4642,3
21,4643,3
21,4644,3
21,4645,4
21,4649,4
21,4652,3
21,4654,3
21,4655,3
21,4658,3
21,4659,3
21,4660,3
21,4661,3
21,4662,3
21,4663,4
21,4664,5
21,4666,3
21,4667,3
21,4670,3
21,4673,3
21,4674,3
21,4675,5
21,4676,4
21,4677,3
21,4678,4
21,4679,3
21,4680,3
21,4681,3
21,4682,2
21,4684,3
21,4686,3
21,4687,5
21,4688,3
21,4690,3
21,4691,4
21,4692,3
21,4696,3
21,4697,3
21,4698,5
21,4699,4
21,4700,5
21,4701,4
21,4703,4
21,4704,4
21,4705,4
21,4706,5
21,4709,4
21,4710,3
21,4711,3
21,4712,3
21,4713,5
21,4714,4
21,4716,5
21,4717,3
21,4718,3
21,4719,3
21,4720,3
21,4721,3
21,4722,3
21,4723,4
21,4724,4
21,4725,3
21,4727,3
21,4728,2
21,4731,3
21,4732,4
21,4733,3
21,4734,3
21,4735,3
21,4736,4
21,4737,4
21,4738,3
21,4740,3
21,4741,3
21,4743,5
21,4744,5
21,4745,5
21,4748,4
21,4749,3
21,4750,4
21,4751,5
21,4752,4
21,4753,4
21,4754,4
21,4755,5
21,4756,4
21,4757,4
21,4761,4
21,4763,5
21,4765,3
21,4766,3
21,4767,5
21,4768,5
21,4769,4
21,4770,3
21,4771,3
21,4772,5
21,4774,4
21,4775,4
21,4776,3
21,4782,3
21,4783,5
21,4784,3
21,4787,4
21,4789,4
21,4792,3
21,4795,3
21,4796,4
21,4798,2
21,4799,4
21,4800,3
21,4801,4
21,4802,5
21,4803,4
21,4804,4
21,4806,4
21,4809,3
21,4810,4
21,4811,3
21,4812,3
21,4814,3
21,4815,4
21,4816,5
21,4818,3
21,4821,4
21,4822,3
21,4823,3
21,4826,3
21,4830,3
21,4831,3
21,4832,3
21,4833,3
21,4834,3
21,4835,3
21,4836,4
21,4837,3
21,4840,3
21,4842,3
21,4844,3
21,4846,3
21,4848,4
21,4849,3
21,4851,3
21,4854,3
22,4855,4.5
22,4857,2
22,4859,3.5
22,4861,2
22,4862,3
22,4863,3
22,4865,1
22,4866,4.5
22,4867,1.5
22,4873,2
22,4874,2.5
22,4875,2
22,4876,4.5
22,4878,4
22,4880,2
22,4881,5
22,4885,3
22,4886,2
22,4887,3.5
22,4888,2.5
22,4889,4.5
22,4890,4.5
22,4893,2.5
22,4895,4.5
22,4896,5
22,4897,3
22,4898,4
22,4899,1
22,4901,2
22,4902,5
22,4903,4.5
22,4911,4.5
22,4912,5
22,4914,1.5
22,4915,2.5
22,4920,4
22,4921,3.5
22,4923,4
22,4925,2.5
22,4927,2
22,4928,2
22,4929,4.5
22,4930,5
22,4932,5
22,4933,2.5
22,4936,3.5
22,4941,5
22,4945,3.5
22,4947,4
22,4948,4
22,4949,4
22,4951,3
22,4952,4
22,4954,5
22,4956,3.5
22,4957,4.5
22,4958,4
22,4960,2
22,4961,4
22,4963,3.5
22,4964,4
22,4965,4
22,4967,4
22,4968,4
22,4969,3.5
22,4970,4.5
22,4971,3
22,4972,4
22,4973,2.5
22,4974,2
22,4975,2
22,4976,2.5
22,4977,2.5
22,4978,2
22,4979,3
22,4980,3.5
22,4981,2.5
22,4984,4
22,4987,2
22,4988,4.5
22,4989,3
22,4990,2.5
22,4992,2.5
22,4993,3
22,4994,2.5
22,4995,3.5
22,4996,3.5
22,4998,2.5
22,4999,3.5
22,5000,4
22,5001,3.5
22,5002,4
22,5003,4.5
22,5004,3.5
22,5008,2.5
22,5009,3
22,5010,2
22,5012,4
22,5013,1.5
22,5014,4.5
22,5015,4.5
22,5016,2
22,5017,2.5
22,5018,2.5
22,5021,2
22,5022,2
22,5023,2.5
22,5025,2
22,5026,2
22,5027,2
22,5028,4.5
22,5033,3
22,5034,3
22,5038,2
22,5039,4
22,5040,1.5
22,5041,4
22,5042,2
22,5043,1
22,5046,4
22,5047,2
22,5048,4
22,5049,3
22,5051,4
22,5053,2.5
22,5054,5
22,5055,3.5
22,5056,2.5
22,5057,2.5
22,5059,4
22,5060,1.5
22,5061,2
22,5062,3
22,5063,2.5
22,5064,4.5
22,5065,1.5
22,5066,3
22,5069,4
22,5071,4.5
22,5072,3
22,5073,2.5
22,5074,2.5
22,5075,2
22,5076,4.5
22,5079,2
22,5080,2
22,5081,4
22,5083,2.5
22,5085,3
22,5087,2
22,5088,2
22,5092,4.5
22,5093,2
22,5094,2
22,5095,4
22,5096,5
22,5097,2
22,5098,3.5
22,5099,4.5
22,5101,3.5
22,5102,3.5
22,5103,2.5
22,5105,4
22,5106,2.5
22,5107,3
22,5108,4
22,5109,3.5
22,5110,2.5
22,5111,4.5
22,5114,5
22,5117,2.5
22,5119,4
22,5120,3
22,5121,2.5
22,5122,5
22,5125,2.5
22,5127,4.5
22,5128,3.5
22,5134,2.5
22,5135,4.5
22,5137,4
22,5139,3.5
22,5141,3.5
22,5142,4
22,5146,4.5
22,5147,3.5
22,5151,4.5
22,5152,4.5
22,5153,2.5
22,5159,2
22,5161,3
22,5164,4
22,5165,2.5
22,5167,2.5
22,5168,4
22,5169,2
22,5170,2
22,5171,4
22,5172,4
22,5177,4
22,5179,3.5
22,5180,3
22,5182,4.5
22,5186,3
22,5187,4
22,5193,3.5
22,5198,3.5
22,5199,4.5
22,5202,3
22,5203,3
22,5205,4
22,5208,4.5
22,5210,3.5
22,5214,4
22,5218,4.5
22,5219,4
22,5220,4.5
22,5222,2.5
22,5223,3
22,5224,5
23,5225,3
23,5226,3.5
23,5227,3.5
23,5229,4
23,5230,2
23,5231,1.5
23,5232,3.5
23,5233,4
23,5234,3.5
23,5236,4.5
23,5237,4
23,5238,3.5
23,5241,4
23,5242,4
23,5243,3.5
23,5244,3.5
23,5246,5
23,5247,3.5
23,5248,3
23,5250,4
23,5254,2.5
23,5255,3.5
23,5256,4
23,5258,4
23,5264,4.5
23,5265,4.5
23,5266,4
23,5267,4
23,5269,3.5
23,5271,4.5
23,5275,4
23,5276,3.5
23,5277,2.5
23,5278,4
23,5279,4.5
23,5282,4
23,5283,3.5
23,5285,2.5
23,5288,3.5
23,5289,5
23,5291,4.5
23,5292,4.5
23,5293,2
23,5294,4
23,5296,4.5
23,5297,4
23,5298,3.5
23,5299,3.5
23,5300,3.5
23,5301,3.5
23,5302,3.5
23,5303,3.5
23,5304,3.5
23,5305,3
23,5307,4.5
23,5308,4.5
23,5309,4.5
23,5312,4.5
23,5313,3.5
23,5315,3.5
23,5316,4.5
23,5319,2.5
23,5323,3
23,5324,3.5
23,5325,4
23,5329,3.5
23,5333,2.5
23,5334,3.5
23,5335,4.5
23,5337,4.5
23,5339,3
23,5341,4
23,5342,4.5
23,5343,4.5
23,5344,2.5
23,5346,4.5
23,5348,4.5
23,5349,4.5
23,5352,4.5
23,5353,4.5
23,5354,3.5
23,5356,2
23,5357,3.5
23,5359,3.5
23,5360,4
23,5361,5
23,5363,4.5
23,5364,4.5
23,5365,2.5
23,5366,3.5
23,5367,4.5
23,5372,4
23,5373,5
23,5375,3.5
23,5377,4.5
23,5378,4
23,5379,5
23,5380,4
23,5382,3
23,5383,3.5
23,5384,4.5
23,5385,5
23,5387,3.5
23,5388,4
23,5389,4.5
23,5391,4
23,5395,4.5
23,5398,3.5
23,5400,4
23,5401,3.5
23,5404,3.5
23,5410,3.5
23,5413,4.5
23,5414,5
23,5415,3.5
23,5416,3.5
23,5417,3.5
23,5418,3.5
23,5419,2.5
23,5420,3
23,5421,4
23,5422,4.5
23,5425,3.5
23,5427,4
23,5428,4
23,5433,4
23,5434,4
23,5438,3.5
23,5440,4
23,5443,2.5
23,5444,5
23,5445,3
23,5446,4.5
23,5447,4
23,5448,4
23,5449,5
23,5450,3.5
23,5452,3
23,5458,4
23,5459,4
23,5460,3
23,5462,4
23,5463,4.5
23,5464,4.5
23,5466,5
23,5470,4.5
23,5471,3.5
23,5473,4
23,5475,4.5
23,5477,4.5
23,5478,5
23,5479,4.5
23,5480,3.5
23,5481,5
23,5483,4
23,5489,3.5
23,5490,3.5
23,5498,5
23,5500,4.5
23,5501,3.5
23,5502,5
23,5503,4.5
23,5504,3.5
23,5505,4.5
23,5506,3.5
23,5507,4
23,5508,4
23,5515,4
23,5516,4
23,5517,3.5
23,5518,3.5
23,5521,1.5
23,5522,4.5
23,5523,3.5
23,5524,2.5
23,5525,3.5
23,5527,3.5
23,5528,4
23,5530,4
23,5531,4.5
23,5534,4
23,5535,5
23,5538,4.5
23,5539,3.5
23,5540,3.5
23,5541,3.5
23,5544,4
23,5548,4
23,5553,3
23,5556,4
23,5558,3.5
23,5560,5
23,5561,4
23,5562,4.5
23,5564,2
23,5568,3.5
23,5569,5
23,5570,3
23,5572,4
23,5573,4
23,5574,3.5
23,5575,3.5
23,5577,5
23,5581,4
23,5582,4.5
23,5585,4
23,5588,3.5
23,5597,4
23,5599,2.5
23,5600,4.5
23,5601,3
23,5602,2.5
23,5603,2.5
23,5604,3.5
23,5605,3.5
23,5607,4
23,5608,4
23,5609,3.5
23,5611,3.5
23,5612,3
23,5613,2
23,5615,1.5
23,5617,4.5
23,5618,3
23,5619,3.5
23,5620,2
23,5621,3
23,5622,0.5
23,5625,1
23,5628,3.5
23,5629,4
23,5630,2.5
23,5632,4
23,5633,4.5
23,5636,4
23,5637,5
23,5638,4
23,5641,3.5
23,5642,5
23,5643,3
23,5644,4
23,5646,4.5
23,5649,5
23,5650,3.5
23,5651,3.5
23,5655,3.5
23,5662,5
23,5663,3
23,5666,3
23,5667,3.5
23,5668,3.5
23,5669,2
23,5670,3
23,5672,4
23,5673,1.5
23,5675,4
23,5677,3.5
23,5678,4
23,5679,4.5
23,5680,4
23,5682,4
23,5684,3.5
23,5685,4.5
23,5686,3
23,5689,4
23,5690,3
23,5691,3
23,5693,4
23,5694,1
23,5696,3.5
23,5699,3.5
23,5700,2.5
23,5703,1.5
23,5705,4
23,5707,3.5
23,5710,3.5
23,5712,3.5
23,5715,3.5
23,5718,4
23,5723,4.5
23,5729,4
23,5732,4
23,5734,3
23,5735,3.5
23,5736,4
23,5737,2.5
23,5742,5
23,5745,4
23,5746,2
23,5747,4
23,5752,1.5
23,5754,3.5
23,5765,5
23,5768,3
23,5772,4
23,5773,3.5
23,5777,5
23,5778,3.5
23,5779,4
23,5780,3.5
23,5782,3.5
23,5784,3.5
23,5785,3.5
23,5787,4
23,5788,4
23,5791,4
23,5792,3.5
23,5795,5
23,5796,3.5
23,5799,2.5
23,5801,3.5
23,5803,2.5
23,5808,3
23,5809,5
23,5810,3
23,5812,4
23,5815,3.5
23,5816,4
23,5818,3.5
23,5819,4.5
23,5820,4
23,5825,3
23,5826,4
23,5828,2.5
23,5829,4
23,5830,4
23,5832,2
23,5833,3.5
23,5834,4
23,5836,3
23,5839,3.5
23,5840,3.5
23,5841,4
23,5843,3.5
23,5846,2.5
23,5847,4.5
23,5850,3.5
23,5853,4.5
23,5854,3
23,5857,5
23,5859,1.5
23,5864,4
23,5866,4.5
23,5867,3
23,5868,3.5
23,5869,2
23,5872,4.5
23,5873,4
23,5874,3.5
23,5875,4
23,5876,5
23,5878,4
23,5879,2
23,5880,4
23,5881,2.5
23,5882,3.5
23,5883,3.5
23,5888,4
23,5891,4
23,5893,3.5
23,5899,4
23,5900,4
23,5901,3.5
23,5902,3.5
23,5903,3.5
23,5909,3.5
23,5910,4
23,5913,4.5
23,5914,3.5
23,5915,4.5
23,5917,4.5
23,5918,3.5
23,5923,2.5
23,5926,3.5
23,5927,2
23,5932,5
23,5933,3
23,5936,2.5
23,5938,5
23,5940,2.5
23,5941,4.5
23,5942,3
23,5943,3.5
23,5944,3.5
23,5945,3
23,5947,2
23,5949,2.5
23,5952,4
23,5954,4.5
23,5955,4
23,5956,5
23,5957,3.5
23,5958,4.5
23,5959,4.5
23,5960,3
23,5961,4.5
23,5962,3.5
23,5963,4
23,5965,5
23,5966,4
23,5968,2.5
23,5969,3.5
23,5970,5
23,5971,3.5
23,5980,4.5
23,5981,1.5
23,5984,4
23,5985,4.5
23,5986,4
23,5989,4.5
23,5991,3
23,5992,4.5
23,5993,3.5
23,5994,3.5
23,5995,3.5
23,6000,4.5
23,6001,3.5
23,6003,3
23,6005,3.5
23,6006,4
23,6008,4
23,6012,2
23,6013,1
23,6014,4
23,6016,3
23,6021,2
23,6022,4
23,6025,3
23,6027,3.5
23,6031,3.5
23,6032,3.5
23,6033,4
23,6035,2.5
23,6037,4
23,6039,2
23,6040,4
23,6042,2
23,6047,3
23,6051,3
23,6056,4.5
23,6057,4.5
23,6058,5
23,6059,4.5
23,6060,4
23,6062,3.5
23,6063,4
23,6064,4
23,6073,4
23,6077,4
23,6078,4.5
23,6084,3.5
23,6091,2
23,6092,3.5
23,6093,3.5
23,6095,3.5
23,6096,3.5
23,6100,1
23,6101,3
23,6103,2
23,6104,4
23,6105,4.5
23,6107,4
23,6109,4
23,6114,3.5
23,6115,2
23,6116,3.5
23,6121,4.5
23,6122,1.5
23,6123,3.5
23,6124,3
23,6125,0.5
23,6126,2
23,6127,3
23,6132,4
23,6133,3.5
23,6140,3.5
23,6143,3
23,6148,1.5
23,6154,3.5
23,6155,4
23,6156,4
23,6157,3
23,6159,4
23,6162,4
23,6163,3.5
23,6166,3.5
23,6170,3.5
23,6178,3.5
23,6180,3.5
23,6182,3.5
23,6183,3
23,6184,5
23,6185,5
23,6186,5
23,6187,5
23,6188,2
23,6195,3
23,6197,4.5
23,6198,4
23,6201,4
23,6203,4.5
23,6204,4.5
23,6207,1
23,6211,3.5
23,6212,3
23,6213,3
23,6214,3
23,6215,4
23,6216,4
23,6218,4
23,6219,4.5
23,6223,4
23,6225,5
23,6227,4
23,6228,4
23,6229,2.5
23,6230,3.5
23,6231,3.5
23,6232,2
23,6233,4
23,6234,3.5
23,6235,3.5
23,6237,0.5
23,6238,3.5
23,6239,3.5
23,6240,3
23,6242,4
23,6243,2.5
23,6244,2
23,6245,3
23,6247,3
23,6249,4
23,6250,3.5
23,6252,3.5
23,6254,4.5
23,6256,4
23,6257,4.5
23,6260,3.5
23,6261,3.5
23,6263,4
23,6264,2.5
23,6265,4
23,6266,4
23,6268,1.5
23,6269,5
23,6271,4
23,6273,4
23,6276,4
23,6279,3.5
23,6281,3.5
23,6283,4.5
23,6284,5
23,6286,2.5
23,6287,5
23,6290,4.5
23,6291,4.5
23,6294,3
23,6295,5
23,6296,2.5
23,6297,2.5
23,6298,3.5
23,6299,4
23,6300,4
23,6301,4
23,6302,3.5
23,6303,3.5
23,6305,4.5
23,6306,3.5
23,6308,3.5
23,6314,1.5
23,6315,3.5
23,6316,3
23,6318,4.5
23,6322,3.5
23,6323,4
23,6327,3.5
23,6329,4.5
23,6331,3.5
23,6332,2.5
23,6333,4.5
23,6335,3
23,6337,4
23,6338,3.5
23,6339,1.5
23,6341,3
23,6342,4
23,6344,4
23,6345,3.5
23,6348,3
23,6349,3.5
23,6350,3.5
23,6355,4
23,6356,5
23,6357,4.5
23,6358,4
23,6365,5
23,6367,4
23,6368,3
23,6369,3
23,6370,2.5
23,6373,3.5
23,6375,3
23,6377,4.5
23,6378,2.5
23,6379,2
23,6380,4
23,6383,4
23,6384,3.5
23,6385,2
23,6386,1.5
23,6387,4
23,6390,4
23,6395,2.5
23,6400,4.5
23,6404,4.5
23,6405,4.5
23,6408,4
23,6410,4.5
23,6412,2
23,6413,3.5
23,6414,5
23,6415,3.5
23,6416,4
23,6419,4.5
23,6422,3
23,6423,2
23,6424,2
23,6425,4
23,6426,4
23,6427,4
23,6428,3
23,6429,4.5
23,6431,4.5
23,6432,3.5
23,6433,3.5
23,6436,2
23,6440,3.5
23,6442,4
23,6446,3.5
23,6447,3.5
23,6448,1
23,6449,4
23,6450,4
23,6452,3
23,6454,3.5
23,6458,4.5
23,6460,4
23,6461,3.5
23,6464,3
23,6465,3.5
23,6466,3.5
23,6467,4
23,6468,4.5
23,6470,3.5
23,6473,3.5
23,6474,2
23,6476,3.5
23,6477,2.5
23,6480,4.5
23,6482,4
23,6484,3.5
23,6493,5
23,6498,4.5
23,6502,3.5
23,6503,4.5
23,6506,4
23,6509,3
23,6513,3.5
23,6514,4.5
23,6515,2.5
23,6516,4
23,6518,4
23,6521,5
23,6522,4.5
23,6525,3
23,6527,3
23,6528,3
23,6530,4.5
23,6531,3.5
23,6533,4.5
23,6534,3.5
23,6535,3.5
23,6536,4
23,6537,4
23,6538,3.5
23,6539,3.5
23,6541,4
23,6547,2.5
23,6548,5
23,6550,4
23,6552,3.5
23,6559,3.5
23,6561,3
23,6562,2.5
23,6564,4
23,6565,3
23,6566,3.5
23,6568,3.5
23,6571,4.5
23,6579,3.5
23,6582,3
23,6584,4
23,6585,4
23,6586,4.5
23,6587,4
23,6591,4.5
23,6592,4
23,6593,3.5
23,6595,4
23,6596,4
23,6598,3
23,6599,3
23,6600,4.5
23,6602,2
23,6603,2.5
23,6609,3.5
23,6611,4
23,6612,4
23,6613,3.5
23,6615,3
23,6617,4.5
23,6618,4
23,6620,3.5
23,6624,1.5
23,6628,2.5
23,6629,3.5
24,6630,5
24,6636,3
24,6638,4
24,6639,3
24,6641,3
24,6643,4
24,6644,5
24,6645,3
24,6646,4
24,6650,4
24,6658,4
24,6659,3
24,6662,4
24,6663,3
24,6664,3
24,6665,4
24,6666,3
24,6669,4
24,6671,4
24,6676,3
24,6678,4
25,6679,3
25,6683,4
25,6684,3
25,6686,4
25,6690,4
25,6695,3
25,6703,3
25,6706,2
25,6707,2
25,6708,3
25,6709,4
25,6710,4
25,6711,3
25,6713,3
25,6718,2
25,6721,5
25,6722,3
25,6723,2
25,6724,5
25,6725,1
25,6728,3
25,6730,5
25,6731,2
25,6732,3
25,6735,2
25,6739,3
26,6743,5
26,6744,4.5
26,6748,4.5
26,6751,4.5
26,6753,0.5
26,6754,4.5
26,6755,3.5
26,6757,2.5
26,6760,3
26,6762,3.5
26,6763,0.5
26,6764,4
26,6765,0.5
26,6768,4.5
26,6769,2
26,6770,3
26,6771,3
26,6772,3.5
26,6773,2.5
26,6774,1
26,6776,3.5
26,6777,4
26,6779,3.5
26,6780,3.5
26,6782,2.5
26,6783,3
26,6785,3
26,6786,4.5
26,6787,3.5
26,6788,4
26,6790,3.5
26,6791,3.5
26,6793,3.5
26,6794,4
26,6796,3.5
26,6797,1.5
26,6798,4
26,6800,3.5
26,6803,3.5
26,6806,3.5
26,6807,4
26,6808,3
26,6810,3
26,6811,4
26,6812,3
26,6813,4
26,6814,4
26,6816,5
26,6818,5
26,6820,4.5
26,6822,4
26,6826,4
26,6827,2
26,6828,4.5
26,6829,3
26,6830,4
26,6832,2.5
26,6835,2.5
26,6840,4
26,6850,5
26,6851,4
26,6852,3
26,6856,3.5
26,6857,4
26,6858,2.5
26,6862,4
26,6863,4
26,6864,2
26,6867,4.5
26,6868,1.5
26,6869,3.5
26,6870,4
26,6872,3
26,6873,3.5
26,6874,4
26,6875,4
26,6877,4
26,6879,4
26,6880,2
26,6881,2.5
26,6883,4
26,6884,3
26,6885,2
26,6887,5
26,6888,0.5
26,6889,1.5
26,6890,3.5
26,6892,4
26,6893,3
26,6896,4.5
26,6898,4
26,6902,3.5
26,6906,3.5
26,6909,4.5
26,6918,3
26,6920,4
26,6927,2
26,6930,5
26,6932,1.5
26,6934,4
26,6935,0.5
26,6936,5
26,6940,3
26,6942,2
26,6944,4
26,6945,4
26,6947,4
26,6950,3
26,6951,4
26,6952,3
26,6953,3.5
26,6954,3
26,6957,4.5
26,6958,4
26,6959,5
26,6961,5
26,6963,4.5
26,6964,3.5
26,6966,4
26,6970,4.5
26,6971,4.5
26,6974,3
26,6975,4.5
26,6977,4
26,6978,3
26,6979,4
26,6981,3.5
26,6982,5
26,6983,3.5
26,6985,4
26,6986,4
26,6987,4
26,6989,4.5
26,6990,3
26,6991,5
26,6992,2.5
26,6993,2.5
26,6995,0.5
26,6996,4
26,6997,3.5
26,6999,3.5
26,7000,2.5
26,7001,3
26,7002,3.5
26,7003,3.5
26,7004,5
26,7005,3.5
26,7007,5
26,7008,3
26,7009,5
26,7010,3
26,7011,5
26,7012,3
26,7013,3.5
26,7016,4.5
26,7017,3
26,7018,5
26,7020,3.5
26,7022,3.5
26,7023,2
26,7024,3.5
26,7025,3.5
26,7026,0.5
26,7027,2
26,7028,3.5
26,7029,3.5
26,7034,4.5
26,7036,3.5
26,7038,2
26,7040,4
26,7042,3.5
26,7043,4.5
27,7044,4
27,7045,5
27,7046,4
27,7048,4
27,7050,5
27,7051,4
27,7055,4
27,7056,4
27,7058,4
27,7059,4
27,7060,4
27,7061,5
27,7062,3
27,7063,4
27,7064,2
27,7065,3
27,7067,2
27,7068,4
27,7069,4
27,7070,1
27,7071,4
27,7072,5
27,7073,5
28,7074,5
28,7075,5
28,7076,4
28,7078,5
28,7079,5
28,7080,5
28,7081,5
28,7082,3
28,7083,4
28,7084,5
28,7085,4
28,7086,4
28,7087,5
28,7088,4
28,7089,5
28,7090,4
28,7091,2
28,7093,5
28,7095,5
28,7096,4
28,7099,5
28,7101,4
28,7102,5
28,7104,5
28,7107,5
28,7108,5
28,7110,5
28,7111,5
28,7115,4
28,7116,5
28,7117,4
28,7121,5
28,7122,4
28,7123,1
28,7125,4
28,7126,5
28,7130,4
28,7131,3
28,7132,2
28,7135,3
28,7136,5
28,7137,5
28,7139,4
28,7142,4
28,7143,5
28,7147,2
28,7149,4
28,7150,5
28,7151,5
28,7152,4
29,7153,5
29,7154,2
29,7155,0.5
29,7156,3
29,7158,0.5
29,7160,0.5
29,7161,1.5
29,7162,3.5
29,7163,3
29,7164,5
29,7165,3
29,7171,2.5
29,7172,0.5
29,7173,4
29,7177,2
29,7178,2.5
29,7179,5
29,7180,2.5
29,7182,4
29,7186,4.5
29,7189,5
29,7190,3
30,7192,4
30,7193,2
30,7195,4
30,7196,4
30,7198,4
30,7199,4
30,7204,5
30,7206,2
30,7207,5
30,7208,4
30,7209,4
30,7210,2
30,7211,4
30,7212,3
30,7215,3
30,7216,4
30,7217,5
30,7219,5
30,7222,2
30,7223,4
30,7228,2
30,7234,4
30,7235,5
30,7236,4
30,7238,3
30,7243,4
30,7245,5
30,7247,3
30,7248,5
30,7250,1
30,7254,4
30,7255,4
30,7256,2
30,7257,3
30,7258,2
30,7260,2
30,7263,4
30,7265,2
30,7266,2
30,7272,4
30,7282,4
30,7283,3
30,7285,4
30,7293,4
30,7294,4
30,7299,4
30,7300,5
30,7302,1
30,7303,5
30,7305,5
30,7307,4
30,7308,5
30,7309,5
30,7311,2
30,7312,5
30,7315,5
30,7316,4
30,7317,5
30,7318,4
30,7319,3
30,7320,4
30,7323,3
30,7324,4
30,7325,4
30,7327,4
30,7334,4
30,7335,4
30,7340,5
30,7343,2
30,7346,2
30,7347,4
30,7348,4
30,7349,2
30,7352,5
30,7354,3
30,7355,4
30,7357,4
30,7358,4
30,7360,4
30,7361,5
30,7362,5
30,7366,4
30,7367,4
30,7369,4
30,7371,4
30,7372,5
30,7373,4
30,7374,4
30,7375,4
30,7376,4
30,7379,4
30,7380,4
30,7381,5
30,7382,5
30,7386,5
30,7387,4
30,7394,2
30,7395,2
30,7396,5
30,7407,3
30,7411,2
30,7415,4
30,7419,4
30,7437,4
30,7438,3
30,7439,4
30,7444,4
30,7445,4
30,7448,5
30,7449,4
30,7450,3
30,7451,4
30,7453,2
30,7454,5
30,7456,4
30,7458,5
30,7459,4
30,7460,4
30,7478,3
30,7481,5
30,7482,4
30,7484,4
30,7487,5
30,7492,5
30,7493,3
30,7502,5
30,7505,2
30,7541,3
30,7560,4
30,7564,4
30,7566,3
30,7569,3
30,7570,3
30,7571,4
30,7572,4
30,7573,3
30,7574,4
30,7577,5
30,7579,1
30,7583,4
30,7584,5
30,7585,2
30,7586,5
30,7587,4
30,7613,4
30,7614,4
30,7615,4
30,7616,5
30,7619,5
30,7620,4
30,7624,4
30,7625,5
30,7627,5
30,7636,5
30,7649,5
30,7650,4
30,7669,5
30,7697,4
30,7698,4
30,7700,4
30,7701,4
30,7702,4
30,7705,4
30,7706,3
30,7708,4
30,7713,3
30,7714,3
30,7720,4
30,7728,2
30,7738,3
30,7743,4
30,7748,3
30,7753,4
30,7757,4
30,7759,4
30,7762,4
30,7764,3
30,7766,3
30,7767,2
30,7771,5
30,7773,4
30,7774,4
30,7782,4
30,7786,4
30,7787,4
30,7789,5
30,7790,4
30,7791,1
30,7792,4
30,7802,1
30,7809,5
30,7810,5
30,7811,5
30,7812,4
30,7815,4
30,7817,4
30,7818,3
30,7820,4
30,7822,4
30,7826,2
30,7827,3
30,7831,3
30,7832,3
30,7833,5
30,7834,4
30,7835,4
30,7836,3
30,7840,4
30,7841,4
30,7842,3
30,7843,5
30,7844,3
30,7845,2
30,7846,5
30,7872,5
30,7878,4
30,7881,3
30,7882,5
30,7883,4
30,7888,4
30,7889,5
30,7892,5
30,7894,4
30,7895,5
30,7897,4
30,7899,5
30,7914,5
30,7915,5
30,7916,5
30,7919,2
30,7920,4
30,7921,5
30,7922,4
30,7924,4
30,7925,4
30,7926,4
30,7932,5
30,7934,5
30,7935,4
30,7936,4
30,7938,5
30,7939,4
30,7941,5
30,7942,5
30,7943,5
30,7944,4
30,7946,5
30,7947,5
30,7948,5
30,7951,3
30,7958,4
30,7959,4
30,7976,3
30,7979,4
30,7980,5
30,7981,4
30,7982,4
30,7983,4
30,7984,4
30,7987,3
30,7990,4
30,7991,4
30,7995,4
30,8003,5
30,8008,4
30,8009,4
30,8010,5
30,8011,3
30,8012,4
30,8014,4
30,8015,4
30,8016,5
30,8019,5
30,8033,4
30,8039,3
30,8042,4
30,8044,4
30,8056,3
30,8057,4
30,8070,3
30,8093,3
30,8094,4
30,8117,5
30,8121,5
